ListSchema={"schemaXmlList":["<Field ID=\"{fa564e0f-0c70-4ab9-b863-0177e6ddd247}\" Type=\"Text\" Name=\"Title\" DisplayName=\"Title\" Required=\"FALSE\" SourceID=\"http://schemas.microsoft.com/sharepoint/v3\" StaticName=\"Title\" FromBaseType=\"TRUE\" MaxLength=\"255\" Indexed=\"FALSE\" />","<Field ID=\"{1df5e554-ec7e-46a6-901d-d85a3881cb18}\" ReadOnly=\"TRUE\" Type=\"User\" List=\"UserInfo\" Name=\"Author\" DisplayName=\"Created By\" SourceID=\"http://schemas.microsoft.com/sharepoint/v3\" StaticName=\"Author\" FromBaseType=\"TRUE\" Required=\"FALSE\" ShowField=\"ImnName\" Group=\"\" />","<Field ID=\"{fdc3b2ed-5bf2-4835-a4bc-b885f3396a61}\" ReadOnly=\"TRUE\" Type=\"ModStat\" Name=\"_ModerationStatus\" DisplayName=\"Approval Status\" Hidden=\"FALSE\" CanToggleHidden=\"TRUE\" Required=\"TRUE\" SourceID=\"http://schemas.microsoft.com/sharepoint/v3\" StaticName=\"_ModerationStatus\" FromBaseType=\"TRUE\"><CHOICES><CHOICE>0;#Approved</CHOICE><CHOICE>1;#Rejected</CHOICE><CHOICE>2;#Pending</CHOICE><CHOICE>3;#Draft</CHOICE><CHOICE>4;#Scheduled</CHOICE></CHOICES><Default>0</Default></Field>","<Field ClientSideComponentId=\"00000000-0000-0000-0000-000000000000\" CustomFormatter=\"{&quot;$schema&quot;:&quot;https://developer.microsoft.com/json-schemas/sp/v2/column-formatting.schema.json&quot;,&quot;elmType&quot;:&quot;div&quot;,&quot;children&quot;:[{&quot;elmType&quot;:&quot;div&quot;,&quot;style&quot;:{&quot;width&quot;:&quot;32px&quot;,&quot;height&quot;:&quot;32px&quot;,&quot;overflow&quot;:&quot;hidden&quot;,&quot;border-radius&quot;:&quot;50%&quot;},&quot;children&quot;:[{&quot;elmType&quot;:&quot;img&quot;,&quot;attributes&quot;:{&quot;src&quot;:&quot;='/_layouts/15/userphoto.aspx?size=S&amp;accountname=' + @currentField.email&quot;,&quot;title&quot;:&quot;@currentField.title&quot;},&quot;style&quot;:{&quot;position&quot;:&quot;relative&quot;,&quot;top&quot;:&quot;50%&quot;,&quot;left&quot;:&quot;50%&quot;,&quot;width&quot;:&quot;100%&quot;,&quot;height&quot;:&quot;auto&quot;,&quot;margin-left&quot;:&quot;-50%&quot;,&quot;margin-top&quot;:&quot;-50%&quot;}}]}]}\" Description=\"Please type the name or email address of the person you want to recognize\" DisplayName=\"Praise for\" Format=\"Dropdown\" List=\"UserInfo\" Name=\"Recognitionfor\" Required=\"TRUE\" Title=\"Praise for\" Type=\"User\" UserDisplayOptions=\"NamePhoto\" UserSelectionMode=\"0\" UserSelectionScope=\"0\" ID=\"{98f32b8a-88c5-4153-8723-2c10a26d9e03}\" StaticName=\"Recognitionfor\" PITarget=\"\" PrimaryPITarget=\"\" PIAttribute=\"\" PrimaryPIAttribute=\"\" Aggregation=\"\" Node=\"\" />","<Field ClientSideComponentId=\"00000000-0000-0000-0000-000000000000\" CustomFormatter=\"{&quot;$schema&quot;:&quot;https://developer.microsoft.com/json-schemas/sp/v2/column-formatting.schema.json&quot;,&quot;elmType&quot;:&quot;div&quot;,&quot;children&quot;:[{&quot;elmType&quot;:&quot;img&quot;,&quot;attributes&quot;:{&quot;src&quot;:&quot;='https://ruizfoods.sharepoint.com/sites/RuizNetPortal/SiteAssets/Recognition/' + if(indexOf(@currentField,'Innovation')==0,'Innovation-icon.jpg', if(indexOf(@currentField,'Integrity')==0,'Integrity-icon',if(indexOf(@currentField,'Respect')==0,'Respect-icon', if(indexOf(@currentField,'Safety')==0,'Safety-icon', if(indexOf(@currentField,'Teamwork')==0,'Teamwork-icon', if(indexOf(@currentField,'Quality')==0,'Quality-icon', if(indexOf(@currentField,'None of These')==0,'NoneofThese-icon', if(indexOf(@currentField,'+31')==0,'nl', if(indexOf(@currentField,'+43')==0,'at', if(indexOf(@currentField,'+353')==0,'ie', if(indexOf(@currentField,'+39')==0,'it', 'us')))))))))) + '.jpg'&quot;,&quot;title&quot;:&quot;=if(indexOf(@currentField,'Innovation')==0,'Innovation', if(indexOf(@currentField,'Quality')==0,'Quality', if(indexOf(@currentField,'Integrity')==0,'Integrity', if(indexOf(@currentField,'Safety')==0,'Safety', if(indexOf(@currentField,'None of These')==0,'None of These', if(indexOf(@currentField,'+7')==0,'Russia', if(indexOf(@currentField,'+32')==0,'Belgium', if(indexOf(@currentField,'+31')==0,'Netherlands', if(indexOf(@currentField,'+43')==0,'Austria', if(indexOf(@currentField,'+353')==0,'Ireland', if(indexOf(@currentField,'+39')==0,'Italy', 'USA'))))))))))&quot;},&quot;style&quot;:{&quot;max-width&quot;:&quot;23px&quot;,&quot;padding&quot;:&quot;0 6px 0 0&quot;}},{&quot;elmType&quot;:&quot;span&quot;,&quot;txtContent&quot;:&quot;@currentField&quot;}]}\" Description=\"Indicate which core value you feel the team member demonstrated\" DisplayName=\"Core Value Demonstrated\" FillInChoice=\"FALSE\" Format=\"Dropdown\" Name=\"Category\" Required=\"TRUE\" Title=\"Core Value Demonstrated\" Type=\"Choice\" ID=\"{d1fde78b-ba68-4023-8c01-a9d5ef9181cc}\" StaticName=\"Category\" Hidden=\"FALSE\" Customization=\"\" ReadOnly=\"FALSE\" PITarget=\"\" PrimaryPITarget=\"\" PIAttribute=\"\" PrimaryPIAttribute=\"\" Aggregation=\"\" Node=\"\"><CHOICES><CHOICE>Innovation</CHOICE><CHOICE>Integrity</CHOICE><CHOICE>Respect</CHOICE><CHOICE>Teamwork</CHOICE><CHOICE>Safety</CHOICE><CHOICE>Quality</CHOICE><CHOICE>None of These</CHOICE></CHOICES></Field>","<Field ClientSideComponentId=\"00000000-0000-0000-0000-000000000000\" DisplayName=\"Department\" Format=\"Dropdown\" MaxLength=\"255\" Name=\"Department\" Title=\"Department\" Type=\"Text\" ID=\"{5e7d9ffe-3286-4463-8622-17654aa02fae}\" StaticName=\"Department\" />","<Field CustomFormatter=\"{&quot;elmType&quot;:&quot;div&quot;,&quot;style&quot;:{&quot;flex-wrap&quot;:&quot;wrap&quot;,&quot;display&quot;:&quot;flex&quot;},&quot;children&quot;:[{&quot;elmType&quot;:&quot;div&quot;,&quot;style&quot;:{&quot;box-sizing&quot;:&quot;border-box&quot;,&quot;padding&quot;:&quot;4px 8px 5px 8px&quot;,&quot;overflow&quot;:&quot;hidden&quot;,&quot;text-overflow&quot;:&quot;ellipsis&quot;,&quot;display&quot;:&quot;flex&quot;,&quot;border-radius&quot;:&quot;16px&quot;,&quot;height&quot;:&quot;24px&quot;,&quot;align-items&quot;:&quot;center&quot;,&quot;white-space&quot;:&quot;nowrap&quot;,&quot;margin&quot;:&quot;4px 4px 4px 4px&quot;},&quot;attributes&quot;:{&quot;class&quot;:{&quot;operator&quot;:&quot;:&quot;,&quot;operands&quot;:[{&quot;operator&quot;:&quot;==&quot;,&quot;operands&quot;:[&quot;@currentField&quot;,&quot;Requested&quot;]},&quot;sp-css-backgroundColor-BgCornflowerBlue sp-field-fontSizeSmall sp-css-color-CornflowerBlueFont&quot;,{&quot;operator&quot;:&quot;:&quot;,&quot;operands&quot;:[{&quot;operator&quot;:&quot;==&quot;,&quot;operands&quot;:[&quot;@currentField&quot;,&quot;Approved&quot;]},&quot;sp-css-backgroundColor-BgMintGreen sp-field-fontSizeSmall sp-css-color-MintGreenFont&quot;,{&quot;operator&quot;:&quot;:&quot;,&quot;operands&quot;:[{&quot;operator&quot;:&quot;==&quot;,&quot;operands&quot;:[&quot;@currentField&quot;,&quot;Revised&quot;]},&quot;sp-css-backgroundColor-BgGold sp-field-fontSizeSmall sp-css-color-GoldFont&quot;,{&quot;operator&quot;:&quot;:&quot;,&quot;operands&quot;:[{&quot;operator&quot;:&quot;==&quot;,&quot;operands&quot;:[&quot;@currentField&quot;,&quot;&quot;]},&quot;&quot;,&quot;sp-field-borderAllRegular sp-field-borderAllSolid sp-css-borderColor-neutralSecondary&quot;]}]}]}]}},&quot;txtContent&quot;:&quot;@currentField&quot;}],&quot;templateId&quot;:&quot;BgColorChoicePill&quot;}\" DisplayName=\"Status\" FillInChoice=\"FALSE\" Format=\"Dropdown\" IsModern=\"TRUE\" Name=\"Status\" Title=\"Status\" Type=\"Choice\" ID=\"{1cbc8323-2e08-4569-97f8-6bb1b0a59fc3}\" StaticName=\"Status\"><CHOICES><CHOICE>Requested</CHOICE><CHOICE>Approved</CHOICE><CHOICE>Revised</CHOICE></CHOICES><Default>Requested</Default></Field>","<Field AppendOnly=\"FALSE\" DisplayName=\"Comments\" Format=\"Dropdown\" IsModern=\"TRUE\" IsolateStyles=\"FALSE\" Name=\"Comments\" RichText=\"FALSE\" RichTextMode=\"Compatible\" Title=\"Comments\" Type=\"Note\" ID=\"{2ac2ef8d-1358-4699-8dad-fd0e7a848627}\" StaticName=\"Comments\" />","<Field ClientSideComponentId=\"00000000-0000-0000-0000-000000000000\" DisplayName=\"Praise from \" Format=\"Dropdown\" List=\"UserInfo\" Name=\"Recognition_x0020_from\" ShowField=\"ImnName\" Title=\"Praise from \" Type=\"User\" UserDisplayOptions=\"NamePhoto\" UserSelectionMode=\"0\" UserSelectionScope=\"0\" ID=\"{a0f82f44-932d-43ff-b156-41a2d684b2fe}\" StaticName=\"Recognition_x0020_from\" />","<Field AppendOnly=\"FALSE\" ClientSideComponentId=\"00000000-0000-0000-0000-000000000000\" Description=\"Please provide details regarding the reason the person is being recognized. The recognition must be related to work or community service. It should not include any negative comments regarding team members or profanity\" DisplayName=\"Description\" Format=\"Dropdown\" IsolateStyles=\"FALSE\" Name=\"Description\" Required=\"TRUE\" RichText=\"FALSE\" RichTextMode=\"Compatible\" Title=\"Description\" Type=\"Note\" ID=\"{2c76e6ca-442e-46b6-8fec-a5eb83f9e723}\" StaticName=\"Description\" Hidden=\"FALSE\" Customization=\"\" ReadOnly=\"FALSE\" PITarget=\"\" PrimaryPITarget=\"\" PIAttribute=\"\" PrimaryPIAttribute=\"\" Aggregation=\"\" Node=\"\" />","<Field ClientSideComponentId=\"00000000-0000-0000-0000-000000000000\" Description=\"This is the name of the manager of the person being recognized\" DisplayName=\"Manager\" Format=\"Dropdown\" List=\"UserInfo\" Name=\"Manager\" Required=\"TRUE\" Title=\"Manager\" Type=\"User\" UserSelectionMode=\"0\" UserSelectionScope=\"0\" ID=\"{1945f3e8-00ba-46a5-b8d5-279aedf3916b}\" StaticName=\"Manager\" Hidden=\"FALSE\" Customization=\"\" ReadOnly=\"FALSE\" PITarget=\"\" PrimaryPITarget=\"\" PIAttribute=\"\" PrimaryPIAttribute=\"\" Aggregation=\"\" Node=\"\" />","<Field DisplayName=\"Praise from\" Format=\"Dropdown\" IsModern=\"TRUE\" List=\"UserInfo\" Name=\"Praisefrom2\" Title=\"Praise from2\" Type=\"User\" UserDisplayOptions=\"NamePhoto\" UserSelectionMode=\"PeopleOnly\" UserSelectionScope=\"0\" ID=\"{b5f45b00-1c94-4936-bec3-99d0c78558e4}\" StaticName=\"Praisefrom2\" Required=\"FALSE\" EnforceUniqueValues=\"FALSE\" Group=\"\" ShowField=\"ImnName\" Hidden=\"FALSE\" Customization=\"\" ReadOnly=\"FALSE\" PITarget=\"\" PrimaryPITarget=\"\" PIAttribute=\"\" PrimaryPIAttribute=\"\" Aggregation=\"\" Node=\"\" />","<Field ID=\"{8c06beca-0777-48f7-91c7-6da68bc07b69}\" ReadOnly=\"TRUE\" Type=\"DateTime\" Name=\"Created\" DisplayName=\"Archived\" StorageTZ=\"TRUE\" SourceID=\"http://schemas.microsoft.com/sharepoint/v3\" StaticName=\"Created\" FromBaseType=\"TRUE\" Required=\"FALSE\" Group=\"\" FriendlyDisplayFormat=\"Disabled\" />","<Field DisplayName=\"Approved\" FriendlyDisplayFormat=\"Disabled\" Format=\"DateOnly\" IsModern=\"TRUE\" Name=\"Approved\" Title=\"Approved\" Type=\"DateTime\" ID=\"{2a82f190-0ca4-443c-8a61-788fa5f8a15f}\" StaticName=\"Approved\" />","<Field DisplayName=\"Submitted\" FriendlyDisplayFormat=\"Disabled\" Format=\"DateOnly\" IsModern=\"TRUE\" Name=\"Submnitted\" Title=\"Submnitted\" Type=\"DateTime\" ID=\"{86120653-2f5c-4ca9-81df-168bcbd1f6c0}\" StaticName=\"Submnitted\" CustomFormatter=\"\" Required=\"FALSE\" EnforceUniqueValues=\"FALSE\" Indexed=\"FALSE\" CalType=\"0\" />","<Field ID=\"{82642ec8-ef9b-478f-acf9-31f7d45fbc31}\" ReadOnly=\"TRUE\" Type=\"Computed\" Name=\"LinkTitle\" DisplayName=\"Title\" DisplayNameSrcField=\"Title\" ClassInfo=\"Menu\" AuthoringInfo=\"(linked to item with edit menu)\" ListItemMenuAllowed=\"Required\" LinkToItemAllowed=\"Prohibited\" SourceID=\"http://schemas.microsoft.com/sharepoint/v3\" StaticName=\"LinkTitle\" FromBaseType=\"TRUE\"><FieldRefs><FieldRef Name=\"Title\" /><FieldRef Name=\"LinkTitleNoMenu\" /><FieldRef Name=\"_EditMenuTableStart2\" /><FieldRef Name=\"_EditMenuTableEnd\" /></FieldRefs><DisplayPattern><FieldSwitch><Expr><GetVar Name=\"FreeForm\" /></Expr><Case Value=\"TRUE\"><Field Name=\"LinkTitleNoMenu\" /></Case><Default><HTML><![CDATA[<div class=\"ms-vb itx\" onmouseover=\"OnItem(this)\" CTXName=\"ctx]]></HTML><Field Name=\"_EditMenuTableStart2\" /><HTML><![CDATA[\">]]></HTML><Field Name=\"LinkTitleNoMenu\" /><HTML><![CDATA[</div>]]></HTML><HTML><![CDATA[<div class=\"s4-ctx\" onmouseover=\"OnChildItem(this.parentNode); return false;\">]]></HTML><HTML><![CDATA[<span>&nbsp;</span>]]></HTML><HTML><![CDATA[<a onfocus=\"OnChildItem(this.parentNode.parentNode); return false;\" onclick=\"PopMenuFromChevron(event); return false;\" href=\"javascript:;\" title=\"Open Menu\"></a>]]></HTML><HTML><![CDATA[<span>&nbsp;</span>]]></HTML><HTML><![CDATA[</div>]]></HTML></Default></FieldSwitch></DisplayPattern></Field>"]}
"Praise for","Praise from","Description","Manager","Core Value Demonstrated","Department","Status","Submitted","Approved","Archived","Approval Status"
"GusV@ruizfoods.com","JonathanF@ruizfoods.com","Doing an amazing job training, building, encouraging and being flexible with the training and development of new team member Jonathan Flores","SherylR@ruizfoods.com","Teamwork","Customer Service","Approved","2026-04-23T07:00:00Z","2026-04-23T07:00:00Z","2026-04-30T19:16:09Z","Approved"
"OctavioD@ruizfoods.com","JonathanF@ruizfoods.com","Doing an amazing job training, building, encouraging and being flexible with the training and development of new team member Jonathan Flores","SherylR@ruizfoods.com","Teamwork","Customer Service","Approved","2026-04-23T07:00:00Z","2026-04-23T07:00:00Z","2026-04-30T19:13:29Z","Approved"
"YolandaMa@ruizfoods.com","AprilH@ruizfoods.com","Kierra has been instrumental in keeping our team up to date on training.  She is always supportive and helps in many ways outside of our required training documents.  Some days you can easily find her in production helping to throw, rework, or helping with our packaging department.  She is a great addition to the team and someone that we can always rely on.  Thank you Kierra for all you do to support our team.  - April Hannah & Frigo 4 Florence","AllenT@ruizfoods.com","Teamwork","Operations","Approved","2026-04-22T07:00:00Z","2026-04-22T07:00:00Z","2026-04-29T17:45:44Z","Approved"
"RolandB@ruizfoods.com","JakeG@ruizfoods.com","Bruce has gone above and beyond in helping to grow the team and continues to provide excellent mentoring and training to the other clerks as we build the Florence MRO department to the level it should be.  He is always there for assisting and helping out all demands and requests that come his way. Thank you Bruce for all you do!","RoderickD@ruizfoods.com","Teamwork","Maintenance","Approved","2026-04-22T07:00:00Z","2026-04-22T07:00:00Z","2026-04-29T16:44:15Z","Approved"
"BradG@ruizfoods.com","JakeG@ruizfoods.com","Brad recently volunteered to cover a scheduled position outside of his normal duties and shift during a fellow workers time of need.  This greatly helped out the department allowing for continuity and coverage across all shifts.  Thank you Brad for going the extra mile to help out the team - It is greatly appreciated.","RoderickD@ruizfoods.com","Teamwork","Maintenance","Approved","2026-04-22T07:00:00Z","2026-04-22T07:00:00Z","2026-04-29T16:43:56Z","Approved"
"GabrielleS@ruizfoods.com","JakeG@ruizfoods.com","Gabrielle has provided very valuable training and guidance to our newest clerk over the past week.  She has demonstrated very high level leadership skills and sharp, clear, and focused communication for the team.  The efforts put forth during this time are greatly appreciated and shows how awesome  she is at what she does.  Thank you Gabrielle for the teamwork!","RoderickD@ruizfoods.com","Teamwork","Maintenance","Approved","2026-04-22T07:00:00Z","2026-04-22T07:00:00Z","2026-04-29T16:43:25Z","Approved"
"JannettL@ruizfoods.com","DavidV2@ruizfoods.com","I would like to recognize Jannett Lopez for the outstanding teamwork and responsiveness she demonstrated on a critical new innovation item requiring sensory evaluation. Jannett quickly took ownership, organized an expedited sensory and partnered effectively across departments to keep things moving under a tight timeline. Her proactive approach played a key role in ensuring we met customer demand without disruption.","MairaG@ruizfoods.com","Teamwork","Quality Assurance","Approved","2026-04-17T07:00:00Z","2026-04-19T07:00:00Z","2026-04-26T21:08:29Z","Approved"
"AdlaiW@ruizfoods.com","ChristinaJ@ruizfoods.com","Adlai has been very communicative and helpful with requests. I have worked with Adlai on a few graphic projects and he has always offered guidance and resources as needed, and within time restrictions. Thankful for his help with the La Cocina project.","JenniferG@ruizfoods.com","Teamwork","Marketing","Approved","2026-04-16T07:00:00Z","2026-04-16T07:00:00Z","2026-04-23T16:26:11Z","Approved"
"JasonS@ruizfoods.com","ChristinaJ@ruizfoods.com","Jason has been instrumental in providing the images for the new La Cocina static images. I know he has a lot of other projects going on but he jumped in to help. This is greatly appreciated and a perfect example of Teamwork.","AdlaiW@ruizfoods.com","Teamwork","Marketing","Approved","2026-04-16T07:00:00Z","2026-04-16T07:00:00Z","2026-04-23T16:21:04Z","Approved"
"JoshuaP@ruizfoods.com","SteveS@ruizfoods.com","Josh contributed to the Denison Line 1 Delkor Secondary Packaging start up providing outstanding evaluation of machine safety.  He added guarding, inspected, tested, and provided LOTO documentation.","IgnacioA@ruizfoods.com","Teamwork","Safety","Approved","2026-04-07T07:00:00Z","2026-04-07T07:00:00Z","2026-04-14T20:09:50Z","Approved"
"RenaL@ruizfoods.com","AdlaiW@ruizfoods.com","Huge thanks to Rena! As a core project team member, Rena was instrumental in the successful relaunch of the ElMonterey.com website. To ensure the project launched on-time, Rena dedicated an entire weekend to review 60+ pages of web content: Nutrition Facts, Ingredients Statement, Marketing Copy, Product Imagery. Thank You! ","GinaF@ruizfoods.com","Teamwork","Quality Assurance","Approved","2026-04-01T07:00:00Z","2026-04-01T07:00:00Z","2026-04-08T21:02:46Z","Approved"
"JesseSl@ruizfoods.com","SteveS@ruizfoods.com","Jesse was tremendously helpful providing existing asset information that needed to be changed for three projects I manage.  Thank you, Jesse!","JasonR@ruizfoods.com","Teamwork","Maintenance","Approved","2026-03-27T07:00:00Z","2026-03-27T07:00:00Z","2026-04-03T19:52:16Z","Approved"
"RenaL@ruizfoods.com","DickL@ruizfoods.com","Rena took on the daunting task of ensuring the refresh of the ElMonterey.com website was compliant - not just from a Regulatory compliance standpoint, but also cleaning up spelling and typographical errors.   Forty-six pages of detailed material were reviewed in only a few days, allowing Ruiz to put its' best foot forward in the marketplace.   Spectacular job!","GinaF@ruizfoods.com","Teamwork","Quality Assurance","Approved","2026-03-25T07:00:00Z","2026-03-25T07:00:00Z","2026-04-01T18:42:15Z","Approved"
"UlyssaM@ruizfoods.com","ErinB@ruizfoods.com","Ulyssa joined Ruiz Foods just 10 days ago and was tasked with getting up to speed and publishing our new innovation items on the 1WorldSyn platform. Time was ticking away where it could negatively effect new business with Kroger and Ahold, USA. Today, we successfully published these items and our potential new business has been saved. This was a huge accomplishment. So glad to have Ulyssa on our team!","DanielleY@ruizfoods.com","Teamwork","Marketing","Approved","2026-03-19T07:00:00Z","2026-03-19T07:00:00Z","2026-03-26T19:35:45Z","Approved"
"MWithman@ruizfoods.com","RadhikaP@ruizfoods.com","I just want to take a moment and send this Praise to Mike for being an outstanding partner and a true asset to the IT team. From day one, he made my onboarding seamless by ensuring all my software, laptop, and phone setup were handled quickly and thoughtfully. He is always approachable, highly responsive, and consistently willing to go the extra mile - whether that means walking over to my desk to help troubleshoot or jumping in to assist without hesitation. His collaborative mindset and genuine desire to help make working with him a great experience.  Thank you for always being there and making a difference.","MichaelW@Ruizfoods.com","Teamwork","Information Technology","Approved","2026-03-18T07:00:00Z","2026-03-18T07:00:00Z","2026-03-25T15:43:51Z","Approved"
"GusV@ruizfoods.com","ZairaT@ruizfoods.com","Gus always goes above and beyond for the team. He is always eager to learn new things, and is always ready to help out when needed. Thank you, Gus, for everything you do for the CRM team! ","SherylR@ruizfoods.com","Teamwork","Customer Service","Approved","2026-03-17T07:00:00Z","2026-03-17T07:00:00Z","2026-03-24T14:12:38Z","Approved"
"AdlaiW@ruizfoods.com","ChristinaJ@ruizfoods.com","Adlai is a great partner. Whenever I reach out to him he is friendly and provides the information or resources needed. He has connected me with the right people at the right time and it is a pleasure to work with him. Most recently Radhika reached out to him for a logo to better fit the new La Cocina and he quickly provided it for us. Thank you, Adlai.","JenniferG@ruizfoods.com","Teamwork","Marketing","Approved","2026-03-12T07:00:00Z","2026-03-12T07:00:00Z","2026-03-19T14:53:46Z","Approved"
"IsauroV@ruizfoods.com","KevinMu@ruizfoods.com","As a person who is behind the times when it comes to completely understanding the computer, I find myself getting frustrated due to not having learned many of the functions our work computers deliver for us. It is on those days that I call the person who has always been willing to take my calls, hear my frustration, adjust my travel needs for various countries I am traveling to and other needs I have. His name is Isauro Villarreal and I could never share my deep appreciation for all the calls Isauro has fielded from me over the past 14 years. 
In my earliest days with Ruiz Foods, Isauro and I met and due to my needed help, Isauro has always been there for me. No mater what day, what time, what question, anything.
Isauro....Thank you for making my days at Ruiz Foods enjoyable in part due to all your support with my IT and tech support.","KevinMu@ruizfoods.com","Teamwork","Information Technology","Approved","2026-02-27T08:00:00Z","2026-02-27T08:00:00Z","2026-03-06T14:18:23Z","Approved"
"JuanG@ruizfoods.com","KevinMu@ruizfoods.com","I have had the pleasure of working on the same team as Juan for over 12 years.
During this time, Juan and I have worked on various projects: Sales planning, Budgets, Annual sales plans. In all of these examples, the requirements for delivering a solid plan is to have someone who can build and manage a spreadsheet that contains many cells of data. You can only imagine the tremendous amounts of data that each contain.
On top of all this data, the successful person managing this, must also be comfortable collecting and inputting all this data, while collaborating with the broad sales team to collect it.
This brings me to why Juan Guzman is a valuable team member of our Retail Sales team.
Juan is the individual who builds, collects, manages, collaborates all this data.
Juan does this with skill and professionalism with serving the team he works with.
Juan.....Thank you for all you do to support the West Retail team as well as the broader team in helping to mange our business.","KevinMu@ruizfoods.com","Teamwork","Retail Sales","Approved","2026-02-27T08:00:00Z","2026-02-27T08:00:00Z","2026-03-06T14:00:43Z","Approved"
"PaulJ@ruizfoods.com","KennethS@ruizfoods.com","Paul's name has become synonymous with problem solving. He exhibits exceptional knowledge of the M3 system and seems always willing to help fix issues that crop up.  I have made comments to my team mates and they have responded in kind that Paul is the ""go to"" person when it comes to fixing system messes. When dealing with Paul it is always a pleasure and never a waste of time. If he can't provide an answer then he always seems to know who to contact, that can provide support. . He should be officially recognized.  Thanks.","MarioD@ruizfoods.com","Quality","Finance","Approved","2026-02-27T08:00:00Z","2026-02-27T08:00:00Z","2026-03-06T13:44:50Z","Approved"
"JenniferJ@ruizfoods.com","KevinMu@ruizfoods.com","Jenny manages Kroger, our largest grocery customer for the Retail Sales team.
In that capacity, she has the responsibility of overseeing 22 individual Kroger Divisions, an 84.51 consumer platform, a Levantee deduction platform and several other programs that are relevant for Kroger. Suffice to say, Kroger is a complex customer. 
As the leader of the Kroger business, Jenny plays a critical role in the West team delivering our monthly volume forecast. With the available tools, she consistently delivers a 99% accurate forecast for our team. This insures that the business is fully prepared to deliver the needed inventory to satisfy our customers. 
Additionally, during Jenny's tenure of managing our Kroger business, Kroger sales volumes have grown by 23%.....when compared to category growth, this is a great achievement. 
Jenny is a solid team mate for the team.
Jenny....Thank you for delivering outstanding results for our West team and for being a solid contributor to our teams success.","KevinMu@ruizfoods.com","Teamwork","Retail Sales","Approved","2026-02-25T08:00:00Z","2026-02-25T08:00:00Z","2026-03-04T15:28:32Z","Approved"
"KelliG@ruizfoods.com","KevinMu@ruizfoods.com","Every great team is a collection of talented and dedicated people driven to success.
In that capacity, every individual plays a role on the team to help deliver the result.
Kelli Gana is part of the Retail Sales team and supports us as an administrator for HR.
Kelli's work in supporting the team with any administrative needs, provides a key role that allows the team to focus on our customers.
Kelli's support with coordinating meetings, Teams Calls, Team events, Vacation approvals and just about everything our team needs is critical to us all.
Kelli....Thank you for all your support of our team and managing our administrative needs on a daily bases. ","KevinMu@ruizfoods.com","Teamwork","Human Resources","Approved","2026-02-24T08:00:00Z","2026-02-24T08:00:00Z","2026-03-03T23:37:35Z","Approved"
"JureaH@ruizfoods.com","KevinMu@ruizfoods.com","Among Jurea's many roles, she supports the Retail team by providing insight on our financials. 
Each month, Jurea pulls together the financial numbers and then reviews them with the team.
Jurea has a talent in how she educates the team with the numbers. She takes them through all the metrics and then provides the insight as to what is driving those results. She takes whatever time is needed to explain the background and all details. This process helps to make our sales people stronger in understanding what is driving the profit margins we are seeing. This makes our team better and able to make better decisions as they manage our customers.
Jurea, Thank you for all your support of the Retail Sales team and for educating us on the financial metrics that drive our results. ","KevinMu@ruizfoods.com","Teamwork","Finance","Approved","2026-02-24T08:00:00Z","2026-02-24T08:00:00Z","2026-03-03T23:16:11Z","Approved"
"MarieC@ruizfoods.com","KevinMu@ruizfoods.com","Marie Cortez is a model for people who want to strive for constant improvement by learning more.
Marie is a member of the West Retail team in the capacity of a Retail Business Administrator.
I have had the pleasure of working on the same team as Marie for close to four years.
During this time, one constant has stuck with me about Marie. She is always wanting to understand more, learn more, expand her knowledge more.
A recent example of this came as we identified a void on our West team for support backup on our Kroger team, assisting with processing Deductions and Contracts. With out hesitation, Marie raised her hand and offered her support......""I'll help, Kevin"".....this did not surprise me.
Marie has begun the process of learning from one of our best, Millie Brees. Marie and Millie are working together to transfer some knowledge and insight to help make our team better.
Thank you, Marie for always looking to support the needs of our team and raising your hand to make us a better team.  
","KevinMu@ruizfoods.com","Teamwork","Retail Sales","Approved","2026-02-24T08:00:00Z","2026-02-24T08:00:00Z","2026-03-03T23:00:43Z","Approved"
"JustineM@ruizfoods.com","IgnacioA@ruizfoods.com","I would like to take a moment to recognize Justine McKinley, Learning & Development Supervisor for her outstanding leadership, hard work, can-do attitude, and dedication. Justine has gone above and beyond in assisting and coordinating training efforts for the Dinuba and Vernon facilities. Her commitment, attention to detail, and proactive approach have played a key role in strengthening our training programs. As a result of their efforts, both facilities have shown measurable improvement in training records and compliance. 

Thank you, Justine, for your leadership, teamwork, and commitment to excellence. Your hard work has not gone unnoticed and is truly appreciated.
","MarthaMc@ruizfoods.com","Teamwork","Operation","Approved","2026-02-24T08:00:00Z","2026-02-24T08:00:00Z","2026-03-03T13:14:34Z","Approved"
"RadhikaP@ruizfoods.com","RadhikaP@ruizfoods.com","test praise","RadhikaP@ruizfoods.com","Respect","Information Technology","Approved","2026-02-23T08:00:00Z","2026-02-23T08:00:00Z","2026-03-02T19:43:12Z","Approved"
"KelliG@ruizfoods.com","TreyJ@ruizfoods.com","Kelli has gone above and beyond helping the retail marketing team with PO requests and processing. She jumped in head first to learn the process and has been instrumental in educating the marketing team on the process and helping expand our expertise. Kelli has exemplified what teamwork is and we're fortunate to have her on the team. ","ValK@ruizfoods.com","Teamwork","Human Resources","Approved","2026-02-19T08:00:00Z","2026-02-19T08:00:00Z","2026-02-26T15:07:46Z","Approved"
"LoriL@ruizfoods.com","OctavioD@ruizfoods.com","I want to give praise to Lori for jumping in and helping us solve a time-sensitive customer issue. When unexpected demand meant we had to adjust our original shipping plan, she used her deep knowledge of our network to quickly find a alternative warehouse option. Because she understands our distribution footprint so well, we were able to pivot and still get the customer their items in time for their promotion. I really appreciate her flexibility, urgency, and willingness to find a solution. It made a difference. ","JeffT@ruizfoods.com","Teamwork","Warehousing","Approved","2026-02-18T08:00:00Z","2026-02-19T08:00:00Z","2026-02-26T00:19:41Z","Approved"
"OctavioD@ruizfoods.com","KevinMu@ruizfoods.com","Octavio (Tavo) as we call him, is a team member of the CSR team.
In that capacity, Tavo supports our customers by insuring their orders are both accurate and delivered as soon as we can get it to them.
Recently, Tavo took on the additional role of supporting the West retail team in the capacity of our re-entry in the Canada marketplace.
Tavo is part of our ""Team"" and contributes to all facets tied to customer service for our customers. 
As we have entered been received back into Canada, the customers were skeptical of our ability to deliver against their expectations. We knew we had to exceed them in order to gain back their respect. Tavo took this as a challenge and has delivered great customer satisfaction enabling us to successfully gain back their support and willingness to put our products back on the shelf.
Tavo....thank you for all the work and results you have delivered, allowing us to gain the confidence of our Canada customers. ","KevinMu@ruizfoods.com","Teamwork","Customer Service","Approved","2026-02-17T08:00:00Z","2026-02-18T08:00:00Z","2026-02-25T00:00:51Z","Approved"
"GregM@ruizfoods.com","KevinMu@ruizfoods.com","Greg Malton has been managing our Kroger analytics relationship with 84.51 since Day1.
We need look no farther then how Kroger has performed over the past 13 years to see the effect Greg has had on that piece of business.
In 2012, Kroger represented about $22M in sales for us.
In 2026, Kroger will deliver close to $90M in sales for us.
Why has this happened speaks directly to the affect Greg has had on the business.
84.51 is Kroger's consumer facing analytics showcasing what Kroger customers buy, when they buy and how often. Greg's role is to help us identify what we can bring Kroger to deliver sales growth for our business. 
Greg has always stayed updated with all the available insight to help us improve at Kroger.
The insight he pulls together has helped us build ""win-win"" scenarios for us with Kroger.
Greg....thank you for all your contributions to the success of our business relationship with Kroger.","KevinMu@ruizfoods.com","None of These","Retail Sales","Approved","2026-02-17T08:00:00Z","2026-02-17T08:00:00Z","2026-02-24T23:53:44Z","Approved"
"CathyH@ruizfoods.com","KevinMu@ruizfoods.com","Cathy Haynes learned a valuable lesson at an early age.
""Do your best, all the time""
That lesson has carried her to where she resides today as a RBA working on the West Retail team.
Cathy works along side our retail sales team supporting them in the capacity of creating contracts, working deductions to insure they are accurate and reflective of our trade spend.
Cathy has been with Ruiz Foods for just under 14 years and has been instrumental in creating the role that she and our many other RBA's do so well on an everyday bases.
Cathy along with Wendy Tucker were asked to create a job manual for the RBA position. I had the opportunity to witness greatness as the two of them outlined all the details for every aspect of the role of being an RBA at Ruiz Foods. To say I was impressed, would be an understatement. The detail with which this manual was created was exceptional and will help future RBA's to learn this role much easier.
She is a ""go to"" person when insight is needed and always has a way to resolve the challenge your dealing with.
Cathy; thank you for all your work on the RBA manual that you built and for all the work you do to keep our West customers happy with our performance.","KevinMu@ruizfoods.com","Quality","Sales","Approved","2026-02-17T08:00:00Z","2026-02-17T08:00:00Z","2026-02-24T23:09:23Z","Approved"
"LaurieMo@ruizfoods.com","DarleneT@ruizfoods.com","Laurie - thank you for not letting go of the GFI deduction issue.  You stayed in the game and won the battle.  You saved the company close to $30,000.
Thank you for not giving up!
Darlene","SandraD@ruizfoods.com","Teamwork","Sales","Approved","2026-02-17T08:00:00Z","2026-02-17T08:00:00Z","2026-02-24T16:51:32Z","Approved"
"MaritzaV@ruizfoods.com","MeghanF@ruizfoods.com","I want to give a huge thank-you to Maritza for her consistent support of the Training Tracking Application. Maritza has always been a champion of this app - always encouraging the Dinuba team to learn and adopt the application, supporting IT with requests for application testing, and proactively alerting us to issues that we need to address. Maritza's dedication, ownership mindset, and willingness to support both the system and the people using it make an incredible impact on our overall training success. Thank you Maritza!!! ","JoeMa@ruizfoods.com","Teamwork","Operation","Approved","2026-02-17T08:00:00Z","2026-02-17T08:00:00Z","2026-02-24T13:30:33Z","Approved"
"JannettL@ruizfoods.com","BrianS@ruizfoods.com","Jannett went the extra mile to ensure Frisco received samples needed for the Quality Summit. The Texas storms resulted in lost or delayed packages and samples had to be resent multiple times. Jannett utilized the transportation team to ship backup samples to Denison and ensure we had everything we needed for the Quality Summit.","MairaG@ruizfoods.com","Teamwork","Quality Assurance","Approved","2026-02-16T08:00:00Z","2026-02-16T08:00:00Z","2026-02-23T17:13:15Z","Approved"
"ErinB@ruizfoods.com","KevinMu@ruizfoods.com","If anyone on the Retail Sales team needs to get any information, find out something from the Marketing team, get access to sales decks, inventory questions, gather insight about product specs or numerous other information.....there is one person they go to and that is 
Erin ""Fabulous"" Bugni.
Erin is the ""go to person"" for all aspects tied to insight for the Retail team.
She handles this busy role with grace and true professionalism.
She treats the team as if they were her own kids and insures they know what is going on and supports all their needs.
Erin....on behalf of the entire Retail Sales team, thank you for all you do to support all our needs in order to allow us to focus on our jobs.
You are truly ""Fabulous""","KevinMu@ruizfoods.com","Teamwork","Retail Sales","Approved","2026-02-11T08:00:00Z","2026-02-11T08:00:00Z","2026-02-18T13:02:09Z","Approved"
"RobinD@ruizfoods.com","KevinMu@ruizfoods.com","Robin joined the West retail sales team after an extensive search in order to help support our team in the CCR region (Central California region).
In this short timeframe, Robin has made some significant contributions to our team.
Most notably, she teamed with Marie Cortez and Cathy Yochem to secure a large repay from one of our West customers in the amount of $25K.....great work on this.
Robin has been asked to also help support our Kroger business in order to expand our teams  knowledge of the challenging Kroger proprietary deduction system.....she has taken on this ask with vigor and enthusiasm.
Robin keeps her deduction balance well under the targets for the West team.
Robin....Thanks for all your contributions that have helped our West team and CCR region deliver our solid results.","KevinMu@ruizfoods.com","Teamwork","Sales","Approved","2026-02-11T08:00:00Z","2026-02-11T08:00:00Z","2026-02-18T13:01:29Z","Approved"
"CathyY@ruizfoods.com","KevinMu@ruizfoods.com","In her capacity as the Central Region Manager for the Retail Sales Team, Cathy manages our most complex region on our West team. What makes this region so complex is the large number of accounts she manages as well the significant amount of contacts she must maintain in order to do her job successfully.
One of her accounts is Grocery Outlet and one year ago, we had some challenges dealing with loss of promotional activity and key periods to sell product.
Cathy invested a significant amount of time, energy, focus and creativity to create a program and delivered a ""win/win"" to the customer that was accepted. Since that program was accepted, Cathy has seen her business achieve a new level of volume for this account.
Cathy; congratulations on what you have done to show Grocery Outlet that we can help them deliver great results for their category by using El Monterey to do that......Great work! ","KevinMu@ruizfoods.com","Teamwork","Sales","Approved","2026-02-11T08:00:00Z","2026-02-11T08:00:00Z","2026-02-18T12:59:42Z","Approved"
"CarinD@ruizfoods.com","JessicaS@ruizfoods.com","Carin always goes above and beyond to help answer questions and help out where needed. She is a great advocate for our office culture and always has Ruiz Foods best interest in mind. She is always exemplifying our core values.","AlejandroS@ruizfoods.com","Teamwork","Finance","Approved","2026-02-05T08:00:00Z","2026-02-05T08:00:00Z","2026-02-12T22:02:04Z","Approved"
"DarrylT@ruizfoods.com","KevinMu@ruizfoods.com","Darryl has established a new threshold for securing display performance.
He has earned trust with his customers by sharing data and utilizing strong negotiation skills to secure those displays.
Additionally, he has worked with his customers to identify key events to drive the Snack category results and thus allowing for El Monterey to see some significant wins during those windows.
Darryl, congrats on the continued development of the Northwest region results!","KevinMu@ruizfoods.com","None of These","Sales","Approved","2026-02-04T08:00:00Z","2026-02-04T08:00:00Z","2026-02-11T13:45:55Z","Approved"
"MillieB@ruizfoods.com","KevinMu@ruizfoods.com","Millie came back to work 18 months ago after retiring from Ruiz Foods the first time.
She is responsible for managing our Trade and Deductions for our Kroger business.
In her role, Millie deals with Kroger's proprietary system, Levante, which is how Kroger manages deductions and processes them for their vendors.
Millie is a ""Professional"" funds administrator and runs her business at a high level.
Keeping our deductions to a minimum allows us to invest our Trade to drive sales for Ruiz Foods and Kroger.
Millie, Thank you for what you do to keep the Kroger deductions to a minimum allowing us to secure improved results with those funds.","KevinMu@ruizfoods.com","Teamwork","Sales","Approved","2026-02-04T08:00:00Z","2026-02-04T08:00:00Z","2026-02-11T13:45:19Z","Approved"
"DanC@ruizfoods.com","KevinMu@ruizfoods.com","In Dan's capacity as the Region Manager for the South Central region, he has full responsibility for two of our largest customers; HEB and WinCo.
The results that those two customers have delivered for our West business is significant.
Dan's work with WinCo has delivered an improved promotional calendar and display performance vs. last year. That plan has delivered a +8% volume increase vs. last year.
At HEB, Dan's work with our Broker partner and the HEB category manager have delivered new distribution on shelf (Breakfast and Snacks). That new distribution has delivered a +10% volume increase vs. last years results.
Congrats to Dan for delivering great results for his region and helping the West team to deliver our volume commitments for the business.  
","KevinMu@ruizfoods.com","None of These","Sales","Approved","2026-02-04T08:00:00Z","2026-02-04T08:00:00Z","2026-02-11T13:44:51Z","Approved"
"MWithman@ruizfoods.com","SeanM@ruizfoods.com","I would like to recognize and thank Michael for his consistent support and professionalism. He is extremely knowledgeable, always responsive, and approach every request with respect and patience. His willingness to help and his positive attitude make a real difference in keeping our office running smoothly and ensuring the team feels supported. I truly appreciate his dedication and the high level of service he provides every day.","MichaelW@Ruizfoods.com","Teamwork","Information Technology","Approved","2026-01-28T08:00:00Z","2026-01-28T08:00:00Z","2026-02-04T20:28:59Z","Approved"
"KristiD@ruizfoods.com","KevinMu@ruizfoods.com","Kristi supports our Retail team in the area of Data analytics.
In this capacity, she provides consumption insight for our customers in the various categories we participate in. 
Much of this work is behind the scenes and requires collaboration with the sales team. 
Kristi is a solid contributor to the success our West team is seeing, as she helps to identify opportunities where we can improve our customers and our business.
Kristi; thank you for all you do to support our Retail team.","KevinMu@ruizfoods.com","Teamwork","Retail Sales","Approved","2026-01-28T08:00:00Z","2026-01-28T08:00:00Z","2026-02-04T17:51:39Z","Approved"
"AmberE@ruizfoods.com","KevinMu@ruizfoods.com","Amber has offered to add the responsibility of supporting our re-entry into Canada retail.
By adding this responsibility, she is tasked with supporting our Broker partner with monitoring, clearing and consulting on all aspects of Funds administration. 
Our re-entry to Canada has been successful and one of our key reasons is due to the extra effort and support that Amber Evans has done for us.
Thanks for all you are doing for our team, Amber.","KevinMu@ruizfoods.com","Teamwork","Retail Sales","Approved","2026-01-28T08:00:00Z","2026-01-28T08:00:00Z","2026-02-04T17:33:34Z","Approved"
"EnriqueF@ruizfoods.com","DavidH2@ruizfoods.com","This praise is for the Dinuba Ops team, qa group & R&D. On 1/23/26 we had a product that was not running very well on the line. The teams worked extremely quickly to come up with a test plan and ran a non saleable test a couple hours later in the middle of the day to produce product that was a vast improvement to the original. It took a lot of hustle to make it all happen. ","JoeMa@ruizfoods.com","Teamwork","Operations","Approved","2026-01-26T08:00:00Z","2026-01-26T08:00:00Z","2026-02-02T18:45:22Z","Approved"
"ChandaW@ruizfoods.com","SeanA@ruizfoods.com","Chanda is providing impactful work supporting the Retail Sales BU by sharing insights for customer calls. Chanda is diligent in finding solutions in her role as a Pricing Manager. Feedback from the sales team on the product(s) she delivers is positive and shows results. Thank you Chanda for all of your hard work!","SeanA@ruizfoods.com","Teamwork","Retail Sales","Approved","2026-01-20T08:00:00Z","2026-01-20T08:00:00Z","2026-01-27T13:33:13Z","Approved"
"ErinB@ruizfoods.com","ThomasH@ruizfoods.com","Erin ""Houdini"" Bugni may not pull rabbits from hats, but she can make new item package flats appear anywhere! Two different retailer requests in one week for Mas Bold package flats when there were none available, and Erin delivered. This is one more example of Erin's resourcefulness and determination to help our sales team deliver. Thank you Erin!","KristalC@ruizfoods.com","Teamwork","Retail Sales","Approved","2026-01-14T08:00:00Z","2026-01-14T08:00:00Z","2026-01-21T17:56:30Z","Approved"
"CallieW@ruizfoods.com","RobertDo@ruizfoods.com","I want to thank Callie for her continued help on eComm and asset needs for the Dollar Channel. Callie makes time for me, always follows up and delivers no matter the timeline. Thank you Callie! ","KristalC@ruizfoods.com","Teamwork","Sales","Approved","2026-01-08T08:00:00Z","2026-01-08T08:00:00Z","2026-01-15T18:10:03Z","Approved"
"KelliG@ruizfoods.com","KimberliC@ruizfoods.com","I want to thank Kelli for stepping up and helping to keep the office running smoothly as we transition to a new EA.  She is always pleasant and eager to help wherever she can.  Thanks, Kelli.","JenniferG@ruizfoods.com","Teamwork","Human Resources","Approved","2026-01-07T08:00:00Z","2026-01-07T08:00:00Z","2026-01-14T19:02:39Z","Approved"
"DavidPe@ruizfoods.com","GinaF@ruizfoods.com","David Pennington, Director of Food Safety and Quality, has done an outstanding job to manage through many complex regulatory events. In addition, under David’s leadership, all Ruiz manufacturing plants have gained BRCGS certification, an outstanding achievement!
David, I appreciate your dedication and leadership to support the plants and ensure food safety is never compromised. 
","GinaF@ruizfoods.com","Teamwork","Quality Assurance","Approved","2025-12-18T08:00:00Z","2025-12-18T08:00:00Z","2025-12-25T20:54:17Z","Approved"
"RenaL@ruizfoods.com","GinaF@ruizfoods.com","Rena Lopez, Director of Regulatory and Consumer Affairs, is a recognized expert in regulatory affairs and labeling. Her dedication to professional growth is notable; she earned a Master of Science in Regulatory Affairs a few short years ago – an impressive achievement completed while working full-time and managing a household.  I value Rena’s continuous improvement efforts to improve processes and impact the bottom line. 
Rena, thank you for being an exceptional leader and a source of reliable guidance and support. 
","GinaF@ruizfoods.com","Integrity","Quality Assurance","Approved","2025-12-18T08:00:00Z","2025-12-18T08:00:00Z","2025-12-25T20:50:56Z","Approved"
"BillieS@ruizfoods.com","GinaF@ruizfoods.com","Billie Shamblin, who oversees Supplier Management within the Food safety and Quality team, led a significant cross-functional initiative over the past year. This project successfully developed a new internal audit program and reporting systems designed to serve all Ruiz manufacturing locations, enhancing their preparation for the BRCGS audits. 
Billie, thank you for your outstanding diligence, patience, and willingness to support the team and go the extra mile!
","GinaF@ruizfoods.com","Innovation","Quality Assurance","Approved","2025-12-18T08:00:00Z","2025-12-18T08:00:00Z","2025-12-25T20:49:55Z","Approved"
"JohnV@ruizfoods.com","GinaF@ruizfoods.com","John Velasco has stepped into the role of Hygienic Design Specialist. Throughout the past year, he has diligently participated in equipment reviews, ensuring sanitary design prior to purchase to enhance the food safety of our processes. John has shown significant passion and zeal for this role, continuously working to improve the program and focus on educating our teams. 
John, thank you for your commitment and for always putting in 100+ percent! 
","GinaF@ruizfoods.com","Integrity","Quality Assurance","Approved","2025-12-18T08:00:00Z","2025-12-18T08:00:00Z","2025-12-25T20:49:28Z","Approved"
"LeifE@ruizfoods.com","GinaF@ruizfoods.com","Leif Edon and the Quality Systems team within the Food Safety and Quality department have successfully completed a complex value stream map of our quality processes over the past few months. This impressive, albeit laborious, work provides a crucial tool that will support future program development. Thank you, Leif, for your exceptional leadership and dedication to Ruiz Foods. ","GinaF@ruizfoods.com","Teamwork","Quality Assurance","Approved","2025-12-18T08:00:00Z","2025-12-18T08:00:00Z","2025-12-25T20:48:50Z","Approved"
"LarrySa@ruizfoods.com","JasonR@ruizfoods.com","Larry and his team work on 3rd shift (graves). 

At 10 am last  Thursday, I reached out to Larry and asked him to return to the plant with some of his team to clean line 1 and have it ready to run on swing shift.  Larry and his team jumped in and met the challenge.   

I am extremely grateful for Larry's team and his Leadership. 

This is just one example of the outstanding job they do each night (and sometimes days!!)

They make a huge difference for Ruiz !!  This performance is only possible because of Larry's commitment and leadership.  

Thank You Larry!!","JasonR@ruizfoods.com","Teamwork","Sanitation","Approved","2025-12-08T08:00:00Z","2025-12-08T08:00:00Z","2025-12-15T03:20:59Z","Approved"
"AndreaK@ruizfoods.com","ThomasH@ruizfoods.com","The November Publix Review combined three categories. This required building custom databases and a strategic analysis of sales trends. Andrea spent many hours to accomplish this and she was extremely focused to deliver the best possible outcome for Ruiz Foods and Publix. Her efforts are adding tremendous value to our partnership with Publix.","ThomasN@ruizfoods.com","Teamwork","Sales","Approved","2025-11-11T08:00:00Z","2025-11-11T08:00:00Z","2025-11-18T16:43:30Z","Approved"
"ChandaW@ruizfoods.com","ThomasH@ruizfoods.com","Chanda ran a Productivity Report for the Publix November Category Review. Some of the data was not favorable to Ruiz Foods and it was a challenge to effectively apply the analysis. We talked a few times and decided to sleep on it. The next day Chanda created a table ranking the Efficiency Index of Snacks & Dinner/Entree brands. This proved some El Monterey products have a high velocity performance ranking that is favorable to Publix. Chanda's value-added analysis will contribute to our sales growth at Publix - thank you!","KristalC@ruizfoods.com","Teamwork","Retail Sales","Approved","2025-11-11T08:00:00Z","2025-11-11T08:00:00Z","2025-11-18T16:22:29Z","Approved"
"KyndraB@ruizfoods.com","ChristinaP2@ruizfoods.com","Kyndra, FINALLY! So happy to finally get to see, in the flesh, the person who drops everything and is right there anytime we need her! We started a little rough with our transition into this new role, but you always insisted no issue was too big!

I would like to take a minute and express my gratitude and appreciation for the P2P training crew that we had the pleasure of training with last week! I have worked closely with Casey and Kyndra in the past and I will say, I was very happy to see that we would be training with them. They are more than knowledgeable of the subject in which they are involved but they always take the time to listen! They all believe in the power of teamwork, and it shows in just having a conversation. You have some very proud ladies that not only work here but truly pour their heart into ensuring that all team members are as knowledgeable as possible to continue our success at Ruiz Foods. Ladies, thank you again for your support and understanding!","ValerieK@ruizfoods.com","Teamwork","Information Technology","Approved","2025-11-10T08:00:00Z","2025-11-10T08:00:00Z","2025-11-17T20:34:28Z","Approved"
"CaseyB@ruizfoods.com","ChristinaP2@ruizfoods.com","Casey, I enjoyed our face-to-face conversations! I know that it is your job to be here but thank you again for taking the time to come work with us! I love that we were finally able to meet one of our biggest supporters in person!

I would like to take a minute and express my gratitude and appreciation for the P2P training crew that we had the pleasure of training with last week! I have worked closely with Casey and Kyndra in the past and I will say, I was very happy to see that we would be training with them. They are more than knowledgeable of the subject in which they are involved but they always take the time to listen! They all believe in the power of teamwork, and it shows in just having a conversation. You have some very proud ladies that not only work here but truly pour their heart into ensuring that all team members are as knowledgeable as possible to continue our success at Ruiz Foods. Ladies, thank you again for your support and understanding!
","KevinKe@ruizfoods.com","Teamwork","Finance","Approved","2025-11-10T08:00:00Z","2025-11-10T08:00:00Z","2025-11-17T20:33:56Z","Approved"
"ValerieK@ruizfoods.com","ChristinaP2@ruizfoods.com","Valerie, it was so nice to meet you! I know you got caught with a lot of the behind-the-scenes issues, but I thank you for ensuring that every “bug” was fixed to the best of your ability to guarantee we were still able to train.

I would like to take a minute and express my gratitude and appreciation for the P2P training crew that we had the pleasure of training with last week! I have worked closely with Casey and Kyndra in the past and I will say, I was very happy to see that we would be training with them. They are more than knowledgeable of the subject in which they are involved but they always take the time to listen! They all believe in the power of teamwork, and it shows in just having a conversation. You have some very proud ladies that not only work here but truly pour their heart into ensuring that all team members are as knowledgeable as possible to continue our success at Ruiz Foods. Ladies, thank you again for your support and understanding!
","MichaelW@Ruizfoods.com","Teamwork","Information Technology","Approved","2025-11-10T08:00:00Z","2025-11-10T08:00:00Z","2025-11-17T20:33:41Z","Approved"
"OpalS@ruizfoods.com","RafalW@ruizfoods.com","Opal is increble at spotting things that others miss—details that make a real difference. Time and again, Opal’s insights have saved the company significant money, and the latest example of identifying expiring WIP from a Trial in Vernon is no exception. It’s not the first time, and certainly won’t be the last. Your consistency, sharp eye, and impact are truly appreciated. Thank you for always going above and beyond!","KevinKe@ruizfoods.com","Quality","Finance","Approved","2025-10-31T07:00:00Z","2025-10-31T07:00:00Z","2025-11-07T18:36:19Z","Approved"
"MagdaR@ruizfoods.com","ChadB@ruizfoods.com","Magda continues to do a great job supporting the Midwest Region.  Amazon has been a very challenging customer for the region in terms of how they deduct and bill Ruiz.  Magda has worked hard on earning repays from Amazon by learning their systems and finding errors.  She is a very valuable piece to our team and I appreciate her time and energy on this account and the entire region.","FrankJ@ruizfoods.com","Quality","Retail Sales","Approved","2025-10-30T07:00:00Z","2025-10-30T07:00:00Z","2025-11-06T21:02:37Z","Approved"
"ThomasN@ruizfoods.com","FrankJ@ruizfoods.com","Tom has an exceptional ability to blend our time-tested category principles with fresh, innovative thinking - creating strategies that are both grounded in experience and forward-looking. His perspective consistently drives meaningful, lasting impact on the Ruiz team, our brands and ultimately our customers. 

Thank you Tom...","KristalC@ruizfoods.com","Teamwork","Sales","Approved","2025-10-15T07:00:00Z","2025-10-15T07:00:00Z","2025-10-22T15:15:51Z","Approved"
"SeanA@ruizfoods.com","ThomasH@ruizfoods.com","Sean ""24/7"" Anderson went over and above the call of duty to model the most profitable Food Lion Classic 1305 & 3035 price increase plan. His intelligence, dedication and perseverance are a wonderful package that is a tremendous benefit to our team.
Thank You Sean!","JohnMig@ruizfoods.com","Teamwork","Retail Sales","Approved","2025-10-14T07:00:00Z","2025-10-14T07:00:00Z","2025-10-21T21:45:39Z","Approved"
"ZairaT@ruizfoods.com","KimberlinaL@ruizfoods.com","Working with Zaira the last few years have been amazing. Her positive attitude, communication, energy and willingness to always lend a hand is very much appreciated. She goes above and beyond to support the NER team. She takes initiative, asks questions, and is always looking to learn and grow. Thank you Zaira for the continued support. It is team members like you that make our jobs easier. ","KimberlinaL@ruizfoods.com","Quality","Customer Service","Approved","2025-10-08T07:00:00Z","2025-10-09T07:00:00Z","2025-10-16T12:07:51Z","Approved"
"THOMASJ@ruizfoods.com","DavidH2@ruizfoods.com","When our dry ice provider failed to provide their service Thomas sprung into action cleaning out all the available dry ice from nearby stores. He also helped us secure a new dry ice vendor that were using today at a better rate. His action kept us from having to reschedule our consumer testing that would have cost the company a good chunk of dollars. Thomas is quick to step up and help without being asked. He's a great person to have in R&D. ","DavidH2@ruizfoods.com","Teamwork","R&D","Approved","2025-10-08T07:00:00Z","2025-10-09T07:00:00Z","2025-10-16T12:07:25Z","Approved"
"VangieE@ruizfoods.com","KimberlinaL@ruizfoods.com","I would like to thank you Vangie for always handling everything with a positive attitude. Your continued support and quick responses to my many questions. :) Your willingness to always jump on a quick call to ensure that I understand and all my questions/concerns have been addressed. ","KimberlinaL@ruizfoods.com","Quality","Finance","Approved","2025-10-08T07:00:00Z","2025-10-09T07:00:00Z","2025-10-16T12:07:00Z","Approved"
"MarieC@ruizfoods.com","CathyY@ruizfoods.com","Marie is one of the most positive people I know. Her faith and work ethic shine through every day. Marie took on the task of working some of the CCR region during the absence of an RBA in addition to her own region. This was a big task and she did it every day with grace and positivity. Thank you Marie for all you do.","KevinMu@ruizfoods.com","Teamwork","Retail Sales","Approved","2025-10-08T07:00:00Z","2025-10-08T07:00:00Z","2025-10-15T15:00:07Z","Approved"
"LoriM@ruizfoods.com","MarieC@ruizfoods.com","Lori always has such a positive attitude, which is very much appreciated. She is quick to respond and is willing to assist at all times. Thank you Lori!","SherylR@ruizfoods.com","Teamwork","Customer Service","Approved","2025-10-08T07:00:00Z","2025-10-08T07:00:00Z","2025-10-15T14:51:02Z","Approved"
"ChristineH@ruizfoods.com","DustinM@ruizfoods.com","Christine leads by example - calm under pressure, always dependable, and driven to find solutions. She builds trust through her consistency and kindness, and her professionalism, integrity, and uplifting energy make a real difference for both our team and our customers.
Christine, thank you for the incredible level of support and the positive attitude you show up to work with every single day.","DustinM@ruizfoods.com","Integrity","Finance","Approved","2025-10-08T07:00:00Z","2025-10-08T07:00:00Z","2025-10-15T11:22:11Z","Approved"
"LoriM@ruizfoods.com","CathyY@ruizfoods.com","I wanted to thank Lori for the amazing job she does in my region every day.
Her follow thorough is beyond impressive and how she manages all the accounts and PO’s is top notch! Her communication is incredible and I appreciate her everyday.
","SherylR@ruizfoods.com","Quality","Customer Service","Approved","2025-10-06T07:00:00Z","2025-10-07T07:00:00Z","2025-10-14T11:33:01Z","Approved"
"CathyH@ruizfoods.com","CathyY@ruizfoods.com","Cathy and I have worked together since I started almost 10 years ago, she is dedicated, thourogh and passionate about her job at Ruiz.  I know that I can always count on her to get the job done. Thanks for all you do.","KevinMu@ruizfoods.com","Teamwork","Sales","Approved","2025-10-06T07:00:00Z","2025-10-07T07:00:00Z","2025-10-14T11:24:15Z","Approved"
"OctavioD@ruizfoods.com","MichaelN@ruizfoods.com","Tavo provides amazing support for Target and UNFI. He is very proactive in resolving any issues and is diligent aligning schedules to meet customers expectations.  He gains customers trust with his partnership providing solutions for easy resolutions. It can be a lot of details to manage and Tavo makes it seem easy.","SherylR@ruizfoods.com","Quality","Customer Service","Approved","2025-10-06T07:00:00Z","2025-10-06T07:00:00Z","2025-10-13T19:04:08Z","Approved"
"OctavioD@ruizfoods.com","ChadB@ruizfoods.com","Tavo continues to do a great job supporting the Midwest Region.  He responds quickly to customers and resolves any issues that may come up in an efficient manner.  I enjoy working with him and I'm happy he's part of the team!!","SherylR@ruizfoods.com","Quality","Customer Service","Approved","2025-10-06T07:00:00Z","2025-10-06T07:00:00Z","2025-10-13T18:32:21Z","Approved"
"GusV@ruizfoods.com","RobertDo@ruizfoods.com","Gus is top notch! Gus continues to go above and beyond to serve our customers. 
Dollar General is not easy to deal with and Gus does an outstanding job managing them and their demands. Keep up the great work Gus, we appreciate all that you do! ","SherylR@ruizfoods.com","Teamwork","Customer Service","Approved","2025-10-06T07:00:00Z","2025-10-06T07:00:00Z","2025-10-13T17:15:46Z","Approved"
"ZairaT@ruizfoods.com","MarkM@ruizfoods.com","Zaira is absolutely the best customer service person I have had assigned to my region in the 14 years I have been with Ruiz Foods. Professional, accurate, personably, eager, smart, and energetic are just a few words that come to mind when I try to describe her performance. 


","SherylR@ruizfoods.com","Teamwork","Customer Service","Approved","2025-10-06T07:00:00Z","2025-10-06T07:00:00Z","2025-10-13T16:28:50Z","Approved"
"CarlosPo@ruizfoods.com","OpalS@ruizfoods.com","The Procurement Team worked very hard the last 30 days to pursue and resolve open vendor claims collecting more than $1,000,000.  Some of these claims had been open since 2022.  Carlos Ponce who buys proteins leaned in and successfully collected from tough customers on claims initiated years before he was with Ruiz Foods.  It was a Team effort with David Surfus and Russ rolling up their sleeves, also.  Congratulations to all on the unprecedented results!","RussellSw@ruizfoods.com","Teamwork","Operation","Approved","2025-10-02T07:00:00Z","2025-10-02T07:00:00Z","2025-10-09T17:51:24Z","Approved"
"MatthewMa@ruizfoods.com","TammyTu@ruizfoods.com","Matt Marshall is a rockstar!  He is very collaborative with not only R&D but all other departments.  He not only excels in Project management and has built great relationships with our key customers like 7E, RaceTrac, and QT, to name a few.   Other than managing 30 projects some with extremely tight deadlines, flying all over the country to be with customers and wowing us with his innovative ideas, what can he not do? We appreciate your leadership Matt!  ","SandraD@ruizfoods.com","Teamwork","Marketing","Approved","2025-10-02T07:00:00Z","2025-10-02T07:00:00Z","2025-10-09T14:27:42Z","Approved"
"ZoribelA@ruizfoods.com","JasonR@ruizfoods.com","Year-end Cycle counts completed over the weekend with no exceptions identified in Denison MRO.   

Zori has made a weakness into a Strength!!  
 Her leadership has extended outside the MRO space here in Denison impacting all departments as well as taking the lead in Mutiple improvement projects reaching the other facilities.             Keep it Up!!","JesseSl@ruizfoods.com","Teamwork",,"Approved","2025-09-29T07:00:00Z","2025-09-30T07:00:00Z","2025-10-07T12:26:15Z","Approved"
"StacyB@ruizfoods.com","JasonR@ruizfoods.com","Saturday year end cycle counts were audited by an independent auditing firm.   

Denison had ZERO variances in our Warehouse for the 20th straight year!!  

Stacy has been the constant in this incredible run!! 

 So many values and disciplines captured here but 20 years in a row speaks for itself!!","JeffT@ruizfoods.com","Quality","Warehousing","Approved","2025-09-29T07:00:00Z","2025-09-30T07:00:00Z","2025-10-07T12:26:08Z","Approved"
"LuzR@ruizfoods.com","DarleneT@ruizfoods.com","Luz has done an outstanding job in making sure 7E's floor stock quantities was accurate and paid.  This was a complex project and Luz came through with flying colors.
Thank you Luz for a job well done.","DarleneT@ruizfoods.com","Teamwork","Marketing","Approved","2025-09-22T07:00:00Z","2025-09-22T07:00:00Z","2025-09-29T20:22:20Z","Approved"
"THOMASJ@ruizfoods.com","TreyJ@ruizfoods.com","Thomas is the epitome of a team player. We needed samples for an upcoming customer meeting and Thomas was on it quickly and without complaint. Anytime I've worked with Thomas he goes above and beyond to get the job done. Thanks for all your help Thomas!","DavidH2@ruizfoods.com","Teamwork","R&D","Approved","2025-09-16T07:00:00Z","2025-09-18T07:00:00Z","2025-09-25T12:14:43Z","Approved"
"MelodyW@ruizfoods.com","KristalC@ruizfoods.com","Melody goes above and beyond to support our team. She is always willing to help out with any concur and expense related topics. She has a positive attitude and spends time to educate TMs to ensure we're getting the most out of our tools and following our policies. I appreciate being able to go to her when I have a question or need help. She is truly living the Ruiz values in everything she does and I'm so grateful she's part of the Ruiz Family! ","BillW@ruizfoods.com","Teamwork","Finance","Approved","2025-09-04T07:00:00Z","2025-09-04T07:00:00Z","2025-09-11T16:56:03Z","Approved"
"SeanA@ruizfoods.com","ThomasH@ruizfoods.com","Sean has has gone over and above the call of duty with his FY 26 planning support for the GCR. He adds tremendous value with his highly appropriate problem solving and identifying best practices to planning. Sean is available anytime I call him and is always willing to put in the extra effort to make things right.","LatitiaE@ruizfoods.com","Teamwork","Retail Sales","Approved","2025-08-28T07:00:00Z","2025-08-28T07:00:00Z","2025-09-04T14:23:51Z","Approved"
"KaitlynH@ruizfoods.com","DarleneT@ruizfoods.com","Kaitlyn has been doing an outstanding job in learning BSA Analytics reporting.  She has learned how to pull and analyze accrual reports which is vital to tracking our Trade spend.","DarleneT@ruizfoods.com","Teamwork","Marketing","Approved","2025-08-27T07:00:00Z","2025-08-27T07:00:00Z","2025-09-03T23:01:09Z","Approved"
"MariaTr@ruizfoods.com","DarleneT@ruizfoods.com","Maria has done an outstanding job in managing Trade Deductions.  This month we are only at $236,000  ( prior to Blacksmith we averaged $1,800,000 in average monthly deductions ).  She has weekly meetings with FBA & Brokers reviewing the status of each deduction.  
Great job Maria!!","DarleneT@ruizfoods.com","Teamwork","Finance","Approved","2025-08-26T07:00:00Z","2025-08-26T07:00:00Z","2025-09-02T18:11:35Z","Approved"
"AraceliC@ruizfoods.com","AdrianaA@ruizfoods.com","Araceli came to Florence to support the team through some Bakery opportunities. She was amazing, provided great support, insights, feedback, experience and different ways to tackle and problem or opportunity. The Florence facility wants to thank you for coming to support us. Hope to see you soon. :) ","VictorS@ruizfoods.com","Teamwork","Bakery/Processing","Approved","2025-08-22T07:00:00Z","2025-08-22T07:00:00Z","2025-08-29T20:38:55Z","Approved"
"JoylineQ@ruizfoods.com","GinaF@ruizfoods.com","Having only been with Ruiz Foods a few short months, Joyline embodied the spirit of teamwork on Monday evening!  It was well after hours and she was available to partner during a supplier issue.  She made herself readily available and took part in supporting a quick resolution in partnership with others.  Joyline, thank you for being available, we appreciate you!","CarlosPo@ruizfoods.com","Teamwork","Operation","Approved","2025-08-22T07:00:00Z","2025-08-22T07:00:00Z","2025-08-29T20:03:19Z","Approved"
"GilbertLo@ruizfoods.com","AdrianaA@ruizfoods.com","Gilbert has always been such a great support to the Florence Facility. Any time we have had a need for his support through Bakery related opportunities, he never hesitates to answer the call. Bu phone, teams, message or on-site visit.
Gilbert, the Florence Plant thanks you for your dedication and support that you always provide. ","VictorS@ruizfoods.com","Teamwork","Operations","Approved","2025-08-22T07:00:00Z","2025-08-22T07:00:00Z","2025-08-29T18:03:25Z","Approved"
"MariaN@ruizfoods.com","AdrianaA@ruizfoods.com","Maria has been such a great support to the Florence Plant. It truly does not matter the time, nor the day, she has always been available and always willing to help the facility through any issue that she can help us with. Recently we had some print concerns on some of our cases, and she worked with Florence Plant until it was resolved. She does not care about the time zone difference. She truly is amazing and we want to recognize her dedication and her team work!
Thank you Maria!","MairaG@ruizfoods.com","Teamwork","Quality Assurance","Approved","2025-08-22T07:00:00Z","2025-08-22T07:00:00Z","2025-08-29T18:03:23Z","Approved"
"FranklinC@ruizfoods.com","RaeAnnF@ruizfoods.com","Thank you Franklin for spending the day with us to show us your operations and to better understand the challenges where we can partner to address with long term solutions.  We know how busy you are and truly appreciate your time and on going partnership.","JeffT@ruizfoods.com","Teamwork","Operation","Approved","2025-08-21T07:00:00Z","2025-08-21T07:00:00Z","2025-08-28T15:59:08Z","Approved"
"ReneeR@ruizfoods.com","RaeAnnF@ruizfoods.com","Big shout out to Renee for spending time with us while we were in Florence, SC.  Appreciate your time, your engagement and team partnership with Customer Service.  We do value and respect all that you do.  Thank you.","CasseyM@ruizfoods.com","Teamwork","Operations","Approved","2025-08-21T07:00:00Z","2025-08-21T07:00:00Z","2025-08-28T15:57:19Z","Approved"
"IlacixemR@ruizfoods.com","RaeAnnF@ruizfoods.com","I would like to thank Ila for going our Customer Service team meeting to share information on various R&D processes.  It was very value added and we appreciate Ila taking the time for us.","BrianS@ruizfoods.com","Teamwork","R&D","Approved","2025-08-21T07:00:00Z","2025-08-21T07:00:00Z","2025-08-28T15:57:13Z","Approved"
"AaronG@ruizfoods.com","RaeAnnF@ruizfoods.com","Shout out to Aaron for sharing is vast knowledge of packaging and some Ruiz Foods history.  We appreciate your time and all that you do for Ruiz Foods.","RussellSw@ruizfoods.com","Teamwork","Purchasing","Approved","2025-08-21T07:00:00Z","2025-08-21T07:00:00Z","2025-08-28T15:57:06Z","Approved"
"KelliG@ruizfoods.com","KristalC@ruizfoods.com","Kelli is truly living the Ruiz values. She always has a positive attitude and is willing to help out wherever needed. She goes above and beyond to support retail and we appreciate everything she does! Thank you, Kelli! ","DanielleN@ruizfoods.com","Teamwork","Human Resources","Approved","2025-08-20T07:00:00Z","2025-08-20T07:00:00Z","2025-08-27T21:19:53Z","Approved"
"JesseSl@ruizfoods.com","JasonR@ruizfoods.com","Jesse has stepped up into leadership of the maintenance department in Denison since the exit of the Maintenance Manger unexpectedly last month.  His team is continuing to drive improvements and increase returns for Ruiz Foods.  His MRO and planning groups are delivering awesome KPI results and taking leadership roles in the Asset care committee.  Jeese 's drive to Root cause-based follow ups are delivering increasing improved equipment availability and the cases are following the trend.!!  Great Job Jesse!!
","JasonR@ruizfoods.com","Teamwork","Maintenance","Approved","2025-08-20T07:00:00Z","2025-08-20T07:00:00Z","2025-08-27T14:34:13Z","Approved"
"NoeM@ruizfoods.com","JasonR@ruizfoods.com","Noe has been a great ERP Lead.  He has recently agreed to help the plant by returning to fill in as a processing lead and train a new lead in the area.  He has been a key change leader in the department driving process controls and business disciplines.","RyanD@ruizfoods.com","Quality","Operations","Approved","2025-08-20T07:00:00Z","2025-08-20T07:00:00Z","2025-08-27T14:33:37Z","Approved"
"JesusMo@ruizfoods.com","JohnV@ruizfoods.com","Jesus is very proactive and innovative.  Recently, he proposed a re-design to the launcher belt configuration in the Dinuba plant. His willingness to make an informed observation and pursue the next steps is very much appreciated.  Jesus is committed to quality and food safety, and we appreciate his partnership!","JoeK@ruizfoods.com","Innovation","Maintenance","Approved","2025-08-19T07:00:00Z","2025-08-20T07:00:00Z","2025-08-27T12:06:04Z","Approved"
"FranklinC@ruizfoods.com","SherylR@ruizfoods.com","Kudos to Frank for taking time out of his busy schedule to spend quality time with myself, Rae and Donna.  Thank you for all you do! ","JeffT@ruizfoods.com","Teamwork","Operation","Approved","2025-08-14T07:00:00Z","2025-08-14T07:00:00Z","2025-08-21T17:02:26Z","Approved"
"ThomasH@ruizfoods.com","ChandaW@ruizfoods.com","I recently asked Tom to spend time teaching me how he manages trade funds and budgets for his retailers each year. He not only cleared a couple of hours from his already busy planning-season calendar, he created some tools to help walk me through the process, looked over some homework I did to help me gain a better understanding, and baby-stepped me through some real-world examples. He's a great teacher and I couldn't be more grateful for his kind tutelage.
Thanks so much, Tom! I knew you were going to be a great teacher, but even I underestimated how great. You are a talented and patient teacher. I hope others take the opportunity to learn from you. ","FrankJ@ruizfoods.com","Teamwork","Retail Sales","Approved","2025-08-13T07:00:00Z","2025-08-13T07:00:00Z","2025-08-20T13:03:15Z","Approved"
"GregM@ruizfoods.com","ChandaW@ruizfoods.com","Tasked with a big project on a very tight deadline, Greg cleared an extensive amount of time to go through detailed data and help the group make intentional, strategic, data-based decisions. His expertise was instrumental to our ultimate success. Greg, thanks so much for sharing your insights and spending hours on Teams guiding the process and the end-product! ","ThomasN@ruizfoods.com","Teamwork","Retail Sales","Approved","2025-08-13T07:00:00Z","2025-08-13T07:00:00Z","2025-08-20T12:57:23Z","Approved"
"KristiD@ruizfoods.com","ChandaW@ruizfoods.com","Kristi and I recently worked on a big project with a very tight deadline and I could not have asked for a better partner in that effort. Kristi spent many long hours combing through data and working through questions and challenges with me. Early mornings and late nights across vastly different time zones and she was always an incredible resource and an absolute pleasure to work with. Kristi - thank you so much for lending your expertise, juggling your overflowing to-do list to make time, and making the work fun as well. We accomplished a vast amount of work - and had a lot of fun in the process! ","ThomasN@ruizfoods.com","Teamwork","Retail Sales","Approved","2025-08-13T07:00:00Z","2025-08-13T07:00:00Z","2025-08-20T12:52:37Z","Approved"
"LoriL@ruizfoods.com","GeoffF@ruizfoods.com","There are a lot of data intersections in our product supply chain.  Our systems do well to monitor issues and recommend actions, but they do not catch them all.  It takes others to find gaps or issues to address before they create problems (cuts).  Lori is a skilled gap finder who is not afraid to call out potential issues as she sees them.  Her eyes and actions have saved us at least 10 times these past 5 weeks before cuts would be certain.  Just fantastic ownership of our Fill Rate Quality.  ","GeoffF@ruizfoods.com","Quality","Warehousing","Approved","2025-08-13T07:00:00Z","2025-08-13T07:00:00Z","2025-08-20T12:05:01Z","Approved"
"JureaH@ruizfoods.com","FrankJ@ruizfoods.com","Jurea,

Thank you for the positive impact you’ve made in such a short time with our organization. Despite being fairly new, you’ve done a fantastic job quickly getting up to speed on the nuances of our customers and the complexities of our business. Your ability to absorb information, ask the right questions, and apply your insights is already helping us build a strong foundation for future success. We appreciate your dedication, fresh perspective, and commitment to driving improved financial results.
","MatthewHu@ruizfoods.com","Teamwork","Finance","Approved","2025-08-12T07:00:00Z","2025-08-13T07:00:00Z","2025-08-20T00:18:02Z","Approved"
"JoseMar4@ruizfoods.com","GinaF@ruizfoods.com","
This Praise is long overdue! In May, following a supplier event, Jose joined Marisol in support of a supplier investigation. During their visit, the source of the issue was found. Jose has been an advocate and great support of food safety initiatives. Thank you, Jose, for your support!

","SeanM@ruizfoods.com","Teamwork","Production","Approved","2025-08-12T07:00:00Z","2025-08-13T07:00:00Z","2025-08-20T00:17:34Z","Approved"
"MarisolOe@ruizfoods.com","GinaF@ruizfoods.com","This Praise is long overdue! In May, following a supplier event, Marisol graciously elected to visit the supplier location. She drove the supplier investigation, identifying the root cause of the event. Without Marisol’s drive and dedication, the true source of the event may have never been known. Marisol, we appreciate you going above and beyond!","DavidPe@ruizfoods.com","Teamwork","Quality Assurance","Approved","2025-08-12T07:00:00Z","2025-08-13T07:00:00Z","2025-08-20T00:17:18Z","Approved"
"SeanA@ruizfoods.com","FrankJ@ruizfoods.com","Sean,

Thank you for your consistent and valuable support of the East Sales team, both in our everyday operations and throughout the FY26 planning process. Your eagerness to assist, whether it’s handling straightforward tasks or diving into the complex analysis of promotional events and future strategies has been instrumental to our success. Your dedication, attention to detail, and collaborative spirit make a meaningful difference every day, and we deeply appreciate the energy and expertise you bring to every challenge.
","LatitiaE@ruizfoods.com","Teamwork","Retail Sales","Approved","2025-08-12T07:00:00Z","2025-08-12T07:00:00Z","2025-08-19T21:34:32Z","Approved"
"JRNieblas@ruizfoods.com","ThomasH@ruizfoods.com","Setting-up a new laptop is never easy, but Jose did a great job without taking too much time. He was able to solve a few issues that required research and demonstrated a positive and caring attitude. Thank you Jose!","IsauroV@ruizfoods.com","Teamwork","Information Technology","Approved","2025-08-12T07:00:00Z","2025-08-12T07:00:00Z","2025-08-19T20:56:20Z","Approved"
"LeonardoGCONSULT@ruizfoods.com","KimberliC@ruizfoods.com","I wanted to express my gratitude to Leo for helping me with Duo Authentication over the weekend.  He was vigilant, ensuring that I was not an imposter trying to gain access to our our system, keeping us safe while still providing great service.  ","SalG@ruizfoods.com","Safety","Consultant","Approved","2025-08-12T07:00:00Z","2025-08-12T07:00:00Z","2025-08-19T18:07:22Z","Approved"
"DanielaP@ruizfoods.com","TreyJ@ruizfoods.com","Daniela has been an amazing partner when it comes to packaging requests and understanding the process from end to end. She's been patient with my questions and a true team player. Daniela thanks for being such a pivotal part of the team.","AaronG@ruizfoods.com","Teamwork",,"Approved","2025-08-04T07:00:00Z","2025-08-04T18:33:37Z","2025-08-11T18:33:37Z","Approved"
"JasonS@ruizfoods.com","CallieW@ruizfoods.com","I really appreciate Jason's hustle and quick turnaround on graphics - your responsiveness and quality under pressure really made a difference during this back to school season!","AdlaiW@ruizfoods.com","Teamwork","Marketing","Approved","2025-07-29T07:00:00Z","2025-07-29T07:00:00Z","2025-08-05T13:47:37Z","Approved"
"TinaA@ruizfoods.com","OpalS@ruizfoods.com","Tina has been so helpful working with me to get needed invoices as we review and plan our 2026 utility budget.  Finding invoices in our M3 AP system can be challenging -- especially for someone not in there every day.  She helped me so many times this shout out is long overdue.  THANK YOU, TINA!","HeatherB@ruizfoods.com","Teamwork","Finance","Approved","2025-07-16T07:00:00Z","2025-07-16T07:00:00Z","2025-07-23T15:16:19Z","Approved"
"GusV@ruizfoods.com","WendyT@ruizfoods.com","Gus, the sales manager, and I have been collaborating on a customer project. The SM sent a task my way (copying Gus), I returned to my office to find Gus had already completed it--without being asked. I was so impressed and grateful for his initiative. He didn't just help out--he completely took it off my plate and saved me a ton of time. That kind of support and teamwork is invaluable. Huge thanks to Gus!","SherylR@ruizfoods.com","Teamwork","Customer Service","Approved","2025-07-15T07:00:00Z","2025-07-15T07:00:00Z","2025-07-22T13:07:44Z","Approved"
"OctavioD@ruizfoods.com","WendyT@ruizfoods.com","Shout out to Tavo! He's always quick to follow-up on issues so I don't have to,  and he's a huge  help with invoice and shortage deductions. His support really helps things run smoothly--really appreciate everything he does!","SherylR@ruizfoods.com","Teamwork","Customer Service","Approved","2025-07-14T07:00:00Z","2025-07-14T07:00:00Z","2025-07-21T16:13:25Z","Approved"
"LoriM@ruizfoods.com","ChristineH@ruizfoods.com","Lori goes above and beyond to constantly communicate and help out. If assistance is needed I know I can rely on Lori to get the information I need to support our Sales team and ultimately our customers. Regardless of how busy Lori is she always has a positive attitude and is happy to help out. She defines and embraces the true definition of Teamwork. Thank you Lori for all that you do.","SherylR@ruizfoods.com","Teamwork","Customer Service","Approved","2025-07-11T07:00:00Z","2025-07-11T07:00:00Z","2025-07-18T18:17:14Z","Approved"
"AndreaK@ruizfoods.com","ChandaW@ruizfoods.com","Andrea and I recently began having regular touch-base meetings to collaborate, brainstorm, and share insights. These conversations have been a fantastic opportunity to exchange tips and tricks for navigating our data tools. 

Andrea's openness to exploring ideas, along with her deep analytics expertise, has been incredibly valuable. Her willingness to brainstorm and explore new ideas has sparked several new initiatives that we're now developing together. 

This kind of engaging, cross-functional collaboration is both energizing and refreshing. It not only fuels innovation but also has the potential to create meaningful impact across the organization as we find new ways to analyze and understand our business. 

Thank you so much, Andrea; I look forward to our continued partnership! ","ThomasN@ruizfoods.com","Teamwork","Sales","Approved","2025-06-18T07:00:00Z","2025-06-18T07:00:00Z","2025-06-25T20:14:39Z","Approved"
"JacquelineD@ruizfoods.com","KatinaB@ruizfoods.com","Jacqueline Davis has a willingness to help support both day and swing shift as a production clerk. She has taken time to work with the production supervisors on learning to navigate through UKG. On top of her own regular duties, she will step into the bakery to help support when they are short.
 I truly appreciate her always going above and beyond!!!","BrianH@ruizfoods.com","Teamwork","Operations","Approved","2025-06-18T07:00:00Z","2025-06-18T07:00:00Z","2025-06-25T19:33:28Z","Approved"
"JonathanT@ruizfoods.com","AdrianaA@ruizfoods.com","JT is always more than willing to help out operations with any suggestions, ideas or anything that can help us run better. We are always thankful to have him in out team!","DickieC@ruizfoods.com","Teamwork","Maintenance","Approved","2025-06-18T07:00:00Z","2025-06-18T07:00:00Z","2025-06-25T18:31:36Z","Approved"
"MiguelDi@ruizfoods.com","AdrianaA@ruizfoods.com","Miguel has recently joined the operations team from sanitation, and he is already making a huge impact. His attention to detail and eagerness to learn has elevated our team. We are lucky to have him. ","AdrianaA@ruizfoods.com","Teamwork","Sanitation","Approved","2025-06-18T07:00:00Z","2025-06-18T07:00:00Z","2025-06-25T18:31:31Z","Approved"
"BrittneyA@ruizfoods.com","AdrianaA@ruizfoods.com","Brittney is always supporting the entire team with anything  that comes up. She is present and behaves with a high level of integrity by always being honest and taking accountability of opportunities and praising her team.","AdrianaA@ruizfoods.com","Integrity",,"Approved","2025-06-18T07:00:00Z","2025-06-18T18:31:14Z","2025-06-25T18:31:14Z","Approved"
"AshleyS@ruizfoods.com","AdrianaA@ruizfoods.com","Ashley has recently taken the responsibility as a Senior Machine Operator for Production 2, and the performance of the team has already shown great improvement. Ashley has deep knowledge of the room and a drive for achieving the standard. Thank you Ashley and we are excited to see how else you can help Frigo 2 reach the goal!! ","KatinaB@ruizfoods.com","Teamwork","Production","Approved","2025-06-18T07:00:00Z","2025-06-18T07:00:00Z","2025-06-25T18:31:03Z","Approved"
"MelodyW@ruizfoods.com","JustineM@ruizfoods.com","Melody has been a great help and resource during the switch from AMEX to Wells Fargo. She's been available to answer questions and resolve issues as they arise. Thanks for all your help, Melody!","HeatherB@ruizfoods.com","Teamwork","Finance","Approved","2025-06-02T07:00:00Z","2025-06-02T07:00:00Z","2025-06-09T16:04:08Z","Approved"
"LukeB@ruizfoods.com","BrianS@ruizfoods.com","Luke has been very helpful with the RTE batter testing over the past few weeks. When something needs to be done to help with the test he is willing to go the extra mile to make sure that it is done.","AshleyR@ruizfoods.com","Teamwork","Quality Assurance","Approved","2025-05-29T07:00:00Z","2025-05-29T07:00:00Z","2025-06-05T13:31:01Z","Approved"
"AshleyR@ruizfoods.com","BrianS@ruizfoods.com","Ashley and her team has been helpful in making the testing of new RTE batter variables run smoothly. They have ran rollability test and pulled samples to make sure the testing is done correctly and timely.","DavidPe@ruizfoods.com","Teamwork","Quality Assurance","Approved","2025-05-29T07:00:00Z","2025-05-29T07:00:00Z","2025-06-05T13:29:27Z","Approved"
"KevinL@ruizfoods.com","ChandaW@ruizfoods.com","Kevin is an incredible advocate for his team. He consistently publicly recognizes the contributions of each team member and he makes it clear that he is grateful for their contributions and respects the work they do. Kevin, thank you for being such a great example of gracious, engaged leadership.  ","FrankJ@ruizfoods.com","Respect","Retail Sales","Approved","2025-05-20T07:00:00Z","2025-05-20T07:00:00Z","2025-05-27T18:02:46Z","Approved"
"TnashiaB@ruizfoods.com","AdrianaA@ruizfoods.com","T'Nashia has been intrical part on the welcoming of Miguel to the operations team. She truly has embraced the Team work core value by teaching him and welcoming him to the Processing group. They are already working on great initiatives and T'Nashia has been great! Thank you!!!","AdrianaA@ruizfoods.com","Teamwork","Operations","Approved","2025-05-19T07:00:00Z","2025-05-19T07:00:00Z","2025-05-26T16:31:40Z","Approved"
"MiguelDi@ruizfoods.com","AdrianaA@ruizfoods.com","Miguel has come to us from the Sanitation team, and it already has been such a great addition to the team. Working with T'Nashia and truly embracing the meaning of Team work. They are working in tandem and driving performance together. Thank you Miguel!","AdrianaA@ruizfoods.com","Teamwork","Sanitation","Approved","2025-05-19T07:00:00Z","2025-05-19T07:00:00Z","2025-05-26T16:30:18Z","Approved"
"MariaTr@ruizfoods.com","DarleneT@ruizfoods.com","I want to give a shout out to Maria Trujillo for doing a great job in updating the FSBU Trade Policy. This was not an easy task as she had to start from scratch due to Ruiz transitioning to a new Trade platform.  Way to go Maria!!!","DarleneT@ruizfoods.com","Teamwork","Finance","Approved","2025-05-06T07:00:00Z","2025-05-07T07:00:00Z","2025-05-14T00:24:16Z","Approved"
"ReneeR@ruizfoods.com","ZairaT@ruizfoods.com","I wanted to take a moment to thank Renee for her help this week. Costco placed some rush orders due to increase in sales before the demos for Cinco de Mayo in the Southeast. Renee helped accommodate this request, and we will be delivering product next week! Thank you, Renee for all you do! ","CasseyM@ruizfoods.com","Teamwork","Operations","Approved","2025-04-24T07:00:00Z","2025-04-24T07:00:00Z","2025-05-01T14:09:40Z","Approved"
"MistyM@ruizfoods.com","ZairaT@ruizfoods.com","I wanted to take a moment to thank Misty for her help this week. Costco needed some POs to be delivered sooner due to Cinco de Mayo promotions and having 7-day demos in the Midwest. Misty helped accommodate this request, and we will be delivering product next week! Thank you, Misty for all you do! ","CasseyM@ruizfoods.com","Teamwork","Manufacturing","Approved","2025-04-24T07:00:00Z","2025-04-24T07:00:00Z","2025-05-01T14:09:21Z","Approved"
"CeciliaO@ruizfoods.com","ZairaT@ruizfoods.com","I wanted to take a moment to thank Cecilia for her help this week. Costco needed a sooner delivery to their Owatonna Depot due to Cinco de Mayo promotions and having 7-day demos in the Midwest. Cecilia helped accommodate this request, and we will be delivering product next week! Thank you, Cecilia for all you do! ","CasseyM@ruizfoods.com","Teamwork","Transportation","Approved","2025-04-24T07:00:00Z","2025-04-24T07:00:00Z","2025-05-01T14:08:24Z","Approved"
"HaaronGCONSULT@ruizfoods.com","HaaronGCONSULT@ruizfoods.com","This is a test please ignore. Working on ticket #88826","ChristinaJ@ruizfoods.com","Teamwork","Consultant","Approved","2025-04-15T07:00:00Z","2025-04-15T07:00:00Z","2025-04-22T16:27:16Z","Approved"
"LoriM@ruizfoods.com","DanC@ruizfoods.com","Lori Magdaleno is the ultimate team player.  She goes above and beyond to assist Marie Cortez and me in managing POs, monitoring promos in MEI and providing outstanding communication internally and to our customers.  She always has a smile on her face and is extremely pleasant to work with! Lori is Best-In-Class!","SherylR@ruizfoods.com","Teamwork","Customer Service","Approved","2025-04-14T07:00:00Z","2025-04-14T07:00:00Z","2025-04-21T20:08:56Z","Approved"
"MarkR@ruizfoods.com","OlgaB@ruizfoods.com","On this ""International Be Kind to Lawyers Day"" - wanted to shout out to Mark Richmond for all of his work to support both his primary business teams but also to cover on company-wide legal needs.  ","OlgaB@ruizfoods.com","Teamwork","Legal","Approved","2025-04-08T07:00:00Z","2025-04-08T07:00:00Z","2025-04-15T16:36:11Z","Approved"
"ElisabethT@ruizfoods.com","OlgaB@ruizfoods.com","On this ""International Be Kind to Lawyers Day"" - wanted to shout out to Elisabeth Tietjen for all of her work to support both her primary business teams but also to cover on company-wide legal needs.  ","OlgaB@ruizfoods.com","Teamwork","Legal","Approved","2025-04-08T07:00:00Z","2025-04-08T07:00:00Z","2025-04-15T16:29:42Z","Approved"
"JulioR@ruizfoods.com","EdwardG@ruizfoods.com","Julio’s collaborative spirit and dedication are truly inspiring. Recently he worked with the team on running IG705 efficiently and reliably. Julio always looks for “win/win” situations.","DavidH2@ruizfoods.com","Teamwork","R&D","Approved","2025-04-04T07:00:00Z","2025-04-04T07:00:00Z","2025-04-11T17:02:10Z","Approved"
"ReneF@ruizfoods.com","EdwardG@ruizfoods.com","Dinuba completed its 2nd year of consultative partnership in the Strategic Energy Management program through local utility provider PG&E. Rene’s leadership in the program was acknowledge and the team’s energy savings celebrated as Dinuba received a rebate check for $87,637.","LuisMa@ruizfoods.com","Teamwork","Maintenance","Approved","2025-03-24T07:00:00Z","2025-03-24T07:00:00Z","2025-03-31T14:24:13Z","Approved"
"SalR@ruizfoods.com","EdwardG@ruizfoods.com","Dinuba completed its 2nd year of consultative partnership in the Strategic Energy Management program through local utility provider PG&E. Sal’s leadership in the program was acknowledge and the team’s energy savings celebrated as Dinuba received a rebate check for $87,637.","LuisMa@ruizfoods.com","Teamwork","Maintenance","Approved","2025-03-24T07:00:00Z","2025-03-24T07:00:00Z","2025-03-31T14:23:49Z","Approved"
"CaseyB@ruizfoods.com","EdwardG@ruizfoods.com","Dinuba completed its 2nd year of consultative partnership in the Strategic Energy Management program through local utility provider PG&E. Casey’s leadership in the program was acknowledge and the team’s energy savings celebrated as Dinuba received a rebate check for $87,637.","KevinKe@ruizfoods.com","Teamwork","Finance","Approved","2025-03-24T07:00:00Z","2025-03-24T07:00:00Z","2025-03-31T14:12:30Z","Approved"
"ValerieK@ruizfoods.com","EdwardG@ruizfoods.com","Valerie always looks for “win/win” situations. She develops and maintain effective working relationships with other teams and individuals. This has been highlighted on the work optimize our system capabilities such as P2P .","MichaelW@Ruizfoods.com","Teamwork","Information Technology","Approved","2025-03-13T07:00:00Z","2025-03-13T07:00:00Z","2025-03-20T15:44:42Z","Approved"
"ArtadokhtN@ruizfoods.com","SteveS@ruizfoods.com","Arta amazingly helped process a purchase requisition into an order in only 3 HOURS.  This normally takes 2-3 weeks.  And, it wasn't even an urgent expedited order!  I simply dropped the request into the share folder, and BINGO a PO went out approximately 3 hours later.  AMAZING!  She is bending the trend towards faster order times.","JacobK@ruizfoods.com","Teamwork","Finance","Approved","2025-03-07T08:00:00Z","2025-03-07T08:00:00Z","2025-03-14T21:19:29Z","Approved"
"MWithman@ruizfoods.com","ChristinaJ@ruizfoods.com","Mike is approachable, caring, intelligent, and skilled. There are many other positive words I can use to describe him. He is always willing and able to assist with technological issues or needs. You can see Mike moving throughout the Frisco office helping team members who are onsite or offsite. Most recently he resolved my issue with documents not loading on my computer. He also anticipates potential issues and is great at educating me in layman's terms. ","MichaelW@Ruizfoods.com","Teamwork","Information Technology","Approved","2025-03-07T08:00:00Z","2025-03-07T08:00:00Z","2025-03-14T19:38:21Z","Approved"
"JasonS@ruizfoods.com","TreyJ@ruizfoods.com","Jason is one of the most impactful members of our team. We've been doing a lot of graphic work whether internally or for our customers and we've leaned on Jason heavily during that time. He always completes the work efficiently and with stellar quality. His patience working with us and the entire cross-functional team is one of his biggest strengths. Thanks Jason for always going above and beyond.","AdlaiW@ruizfoods.com","Teamwork","Marketing","Approved","2025-03-06T08:00:00Z","2025-03-06T08:00:00Z","2025-03-13T22:22:03Z","Approved"
"TonyV@ruizfoods.com","SeanM@ruizfoods.com","I wanted to take a moment to sing the praises of two of our fantastic team members Jonathan Elguea and Antonio Viramontes who have truly gone above and beyond. Their unwavering dedication and tireless effort, even putting in hours over the weekends, have not gone unnoticed. Thanks to their hard work, we were able to bring the CA4 access control to completion for the BRCGC audit. This kind of commitment is truly inspiring and sets a shining example for us all. Let's all take a moment to appreciate and celebrate their incredible contribution to our success. Thank you for your outstanding work!","MichaelW@Ruizfoods.com","Teamwork","Information Technology","Approved","2025-03-06T08:00:00Z","2025-03-06T08:00:00Z","2025-03-13T11:20:53Z","Approved"
"JonathanEl@ruizfoods.com","SeanM@ruizfoods.com","I wanted to take a moment to sing the praises of two of our fantastic team members Antonio Viramontes and Jonathan Elguea who have truly gone above and beyond. Their unwavering dedication and tireless effort, even putting in hours over the weekends, have not gone unnoticed. Thanks to their hard work, we were able to bring the CA4 access control to completion for the BRCGC audit. This kind of commitment is truly inspiring and sets a shining example for us all. Let's all take a moment to appreciate and celebrate their incredible contribution to our success. Thank you for your outstanding work!","MichaelW@Ruizfoods.com","Teamwork","Information Technology","Approved","2025-03-06T08:00:00Z","2025-03-06T08:00:00Z","2025-03-13T11:20:46Z","Approved"
"BenjaminG@ruizfoods.com","EdwardG@ruizfoods.com","Ben looks to new approaches to problem solving analyzing the challenges of different viewpoints while synthesizing current data. During a recent quality investigation, he provided an option that had the least impact and yielded the best value for Ruiz Foods.","MairaG@ruizfoods.com","Innovation","Quality Assurance","Approved","2025-03-05T08:00:00Z","2025-03-05T08:00:00Z","2025-03-12T12:22:23Z","Approved"
"MarthaMc@ruizfoods.com","EdwardG@ruizfoods.com","Martha always shows consistency between words and actions. She is honest and are trusted by others. A good number of the interactions are confidential, without sharing details Martha has demonstrates strong communication, leadership, and problem-solving skills.","TonyC@ruizfoods.com","Integrity","Human Resources","Approved","2025-03-04T08:00:00Z","2025-03-04T08:00:00Z","2025-03-11T15:33:53Z","Approved"
"JoseMar4@ruizfoods.com","GinaF@ruizfoods.com","In a recent review from Realzyme, a third-party verifier of our sanitation efficacy, the Vernon plant, led by Jose Martinez and in support by Roberto Hernandez and Marisol Oestreich, reported a ""best ever"" report.  In prior visits opportunities for improvement were noted and during this visit, the team knocked it out of the park.  Vernon team, keep up the great work! ","SeanM@ruizfoods.com","Teamwork","Production","Approved","2025-03-03T08:00:00Z","2025-03-03T08:00:00Z","2025-03-10T14:40:08Z","Approved"
"MelodyW@ruizfoods.com","ChristinaJ@ruizfoods.com","Melody is always willing and able to help answer questions and provide assistance with processing invoices. She has a positive attitude and cheerful disposition every time I reach out which I appreciate. Thank you, Melody, for your grace.","HeatherB@ruizfoods.com","Teamwork","Finance","Approved","2025-02-28T08:00:00Z","2025-02-28T08:00:00Z","2025-03-07T12:32:20Z","Approved"
"DavidT@ruizfoods.com","RaeAnnF@ruizfoods.com","Customer Service appreciates David Taylor - thank you for all that you do and for your timely communication.  It is much appreciated and not taken for granted.  Thank you.","KennyO@ruizfoods.com","Teamwork","Shipping","Approved","2025-02-26T08:00:00Z","2025-02-26T08:00:00Z","2025-03-05T17:00:55Z","Approved"
"AmadouB@ruizfoods.com","AshleyR@ruizfoods.com","Amadou is a team player. He is willing to work with other departments for the betterment of Ruiz Foods. This Friday he acted quickly to schedule a team to come in last minute and support a rework project to get product off of hold. Thank you, Amadou, for your help to get this completed.","RyanD@ruizfoods.com","Teamwork","Operations","Approved","2025-02-21T08:00:00Z","2025-02-24T08:00:00Z","2025-03-03T12:18:16Z","Approved"
"MaritzaV@ruizfoods.com","EdwardG@ruizfoods.com","Maritza recently transitioned to a new role as Training Specialist. She committed to completing the ATD Training & Facilitation certificate. Maritza which showed consistency between words, actions, and capability with a desire to learn. This was demonstrated by her completion of the certificate program in a short period of time.","JustineM@ruizfoods.com","Integrity","Operation","Approved","2025-02-18T08:00:00Z","2025-02-18T08:00:00Z","2025-02-25T17:39:45Z","Approved"
"JessicaS@ruizfoods.com","ChristinaJ@ruizfoods.com","Jessica has done a great job of pulling together the HR/OD team in Corporate for onboarding new team members. She created a first day schedule and supplies it to us so that everyone involved in the onboarding is aware of when the new team member is meeting on the various orientation topics. She is a great contribution to the HR team and I appreciate all she is doing to foster compliance and her in depth knowledge of UKG. I'm usually focused on everyone else's development so it's appreciated when I have opportunities to learn from others like Jessica as we work on continuous improvement and maximizing our UKG resource.","TonyC@ruizfoods.com","Teamwork","Finance","Approved","2025-02-14T08:00:00Z","2025-02-14T08:00:00Z","2025-02-21T15:34:14Z","Approved"
"LeticiaC@ruizfoods.com","BrianS@ruizfoods.com","Leticia helped a lot in pulling product for evaluation with the RTE batter work. She was on top of coordinating what needed to be pulled and when and making sure everything that need to be done was done.","AshleyR@ruizfoods.com","Teamwork","Quality Assurance","Approved","2025-02-13T08:00:00Z","2025-02-13T08:00:00Z","2025-02-20T20:30:35Z","Approved"
"AshleyR@ruizfoods.com","BrianS@ruizfoods.com","Ashley helped tremendously with the RTE batter trials and startup. The Denison QA team pulled product, conducted cuttings, and did rollability to help quality the batter.","DavidPe@ruizfoods.com","Teamwork","Quality Assurance","Approved","2025-02-13T08:00:00Z","2025-02-13T08:00:00Z","2025-02-20T20:29:33Z","Approved"
"TnashiaB@ruizfoods.com","MartinA@ruizfoods.com"," I wanted to take a moment to acknowledge and celebrate Tnashia Bethea exceptional performance and the well-deserved recognition you’ve received from your peers. Your dedication, leadership, and unwavering commitment to excellence have not only driven the PreBatch team to new heights but have also inspired us all.
Your ability to lead with empathy, foster a collaborative environment, and consistently deliver outstanding results is truly commendable. The positive impact you’ve made on our team is evident in the high regard in which you are held by your colleagues.
Thank you for your hard work, your vision, and your unwavering support. We are incredibly fortunate to have you as our supervisor, and we look forward to continuing to achieve great success.
","AdrianaA@ruizfoods.com","Teamwork","Operations","Approved","2025-02-12T08:00:00Z","2025-02-12T08:00:00Z","2025-02-19T15:42:48Z","Approved"
"RoderickD@ruizfoods.com","EdwardG@ruizfoods.com","Last week Roderick and the maintenance team opened their doors to the Asset Care steering team. He highlighted how the Florence maintenance team looks for “win/win” situations. They have developed and maintained effective working relationships with other teams and individuals. Roderick encouraged an open exchange of information with all three shifts of technicians which was truly appreciated.","MitchM@ruizfoods.com","Teamwork","Maintenance","Approved","2025-02-11T08:00:00Z","2025-02-11T08:00:00Z","2025-02-18T16:50:42Z","Approved"
"MatthewF@ruizfoods.com","EdwardG@ruizfoods.com","This week Matt and the maintenance team opened their doors to the Asset Care steering team. He highlighted how the Denison maintenance team has generated a variety of new approaches to problem solving by logically identifying different approaches, and analyzing the strengths, weaknesses, and challenges of each approach through data. Matt is modeling our founder’s approach of “if you want to solve a problem include the ones who do the work while including them in changes”.
","JasonR@ruizfoods.com","Innovation","Maintenance","Approved","2025-02-07T08:00:00Z","2025-02-07T08:00:00Z","2025-02-14T16:52:15Z","Approved"
"JaimeN@ruizfoods.com","EdwardG@ruizfoods.com","Jaime participates in the daily maintenance pass down meeting looking to resolve any departmental issues. He understands and values diversity in all aspects of human interaction and appreciate differences in others.","EdwardG@ruizfoods.com","Respect","Operations","Approved","2025-02-03T08:00:00Z","2025-02-03T08:00:00Z","2025-02-10T20:34:41Z","Approved"
"DavidSu@ruizfoods.com","GinaF@ruizfoods.com","In early October, David and I met with suppliers to vet possible optimized batter formulations for our roller grill process. While the first supplier returned a “no go” David persevered and found an alternate supplier that agreed to work on this formula. Fast forward 90 days and we are in the optimized formula, but only due to David’s perseverance and initiative to find a supplier who could deliver a solution. David, sincere thanks for this win and all that you do for Ruiz Foods!","RussellSw@ruizfoods.com","Innovation","Purchasing","Approved","2025-01-31T08:00:00Z","2025-02-03T08:00:00Z","2025-02-10T13:02:19Z","Approved"
"BrianS@ruizfoods.com","GinaF@ruizfoods.com","Brian Scott and the R & D team were instrumental in supporting the plants transition into new batters for the roller grill product lines. They continue to support real time for each new batter. This transition required extensive hours and travel to ensure the manufacturing teams were successful with the new launch. Thank you to Brian and the R & D Team for the support and dedication to this project. ","TammyTu@ruizfoods.com","Teamwork","R&D","Approved","2025-01-31T08:00:00Z","2025-02-03T08:00:00Z","2025-02-10T13:02:05Z","Approved"
"JasonR@ruizfoods.com","GinaF@ruizfoods.com","In the wake of trying times with added regulatory attention and transition to new batter skus, Jason and the Denison team worked in lockstep with R & D to identify ways to optimize equipment and processes to ensure a solid transition into new batter skus. There are too many people to mention, fantastic job Jason and Denison team!","SeanM@ruizfoods.com","Teamwork","Operations","Approved","2025-01-31T08:00:00Z","2025-02-03T08:00:00Z","2025-02-10T13:01:39Z","Approved"
"DavidPe@ruizfoods.com","GinaF@ruizfoods.com","David and his team have been instrumental in navigating a tight regulatory environment in the past few months. I appreciate David’s leadership and support to the plants to ensure we always remain regulatory compliant. Thank you, David, for your dedication and support of the plants!","GinaF@ruizfoods.com","Teamwork","Quality Assurance","Approved","2025-01-31T08:00:00Z","2025-02-03T08:00:00Z","2025-02-10T13:00:05Z","Approved"
"ErinB@ruizfoods.com","RaeAnnF@ruizfoods.com","Thank you Erin for every single little thing that you do!  It is not taken for granted and we appreciate you more than you know.  You are a joy to work with and we value our partnership with you.  Thank you so much.","KristalC@ruizfoods.com","Respect","Retail Sales","Approved","2025-01-29T08:00:00Z","2025-01-29T08:00:00Z","2025-02-05T17:30:47Z","Approved"
"MariaTr@ruizfoods.com","RaeAnnF@ruizfoods.com","Maria since day one you have been so very helpful and patient with the Customer Service Team.  Thank you for your positive attitude and for working with us to find solutions to improve processes.  Your expertise is so valuable to us and to Ruiz Foods, much appreciated.  You are the definition of a true team member, we appreciate your on going support, attention to detail and collaboration.  And it is a joy to work with you.","DarleneT@ruizfoods.com","Integrity","Finance","Approved","2025-01-29T08:00:00Z","2025-01-29T08:00:00Z","2025-02-05T17:16:57Z","Approved"
"KennyO@ruizfoods.com","RaeAnnF@ruizfoods.com","Kenny - the customer service team appreciates that you go above and beyond on a daily basis.  Your name comes up consistently as someone that is always willing to help in any situation.  Your timely communication and high sense of urgency are much appreciated by all.  Thank you.","JeffT@ruizfoods.com","Teamwork","Receiving","Approved","2025-01-29T08:00:00Z","2025-01-29T08:00:00Z","2025-02-05T17:05:25Z","Approved"
"GeoffF@ruizfoods.com","RaeAnnF@ruizfoods.com","Geoff Fisher is the best!  Customer Service cannot say enough about Geoff and how wonderful he is to work with everyday.  He is someone that makes you want to come into the office everyday and his smile brightens everyone's day.  He makes us all want to work harder.  Thank you for your patience with our questions and providing timely communication as well as additional context when we have challenging scenarios.  Thank you, we appreciate you!","JeffT@ruizfoods.com","Integrity","Supply Chain","Approved","2025-01-29T08:00:00Z","2025-01-29T08:00:00Z","2025-02-05T17:04:24Z","Approved"
"AdrianaQ@ruizfoods.com","RaeAnnF@ruizfoods.com","Thank you Adriana for your amazing attention to detail, communication and for going above and beyond in all that you do.  Customer Service does not take for granted all that you do.  Much appreicated.","RussellSw@ruizfoods.com","Respect","Purchasing","Approved","2025-01-29T08:00:00Z","2025-01-29T08:00:00Z","2025-02-05T16:44:54Z","Approved"
"LoriL@ruizfoods.com","RaeAnnF@ruizfoods.com","Customer Service appreciates Lori for her timely communication, asking questions that we have and might be afraid to ask, teamwork, concern for the customer and a great sense of humor.  Lori's outstanding attention to the details is much appreciated.  Thank you Lori and we hope to meet you in person someday!","GeoffF@ruizfoods.com","Teamwork","Warehousing","Approved","2025-01-29T08:00:00Z","2025-01-29T08:00:00Z","2025-02-05T16:42:58Z","Approved"
"RafalW@ruizfoods.com","RaeAnnF@ruizfoods.com","Customer Service appreciates Rafal for all that he does behind the scenes to take care of the customer.  He takes the time to explain things to the team and answer our many questions.  He is always willing to lend a helping hand and he is always has a positive attitude.  We appreciate you Rafal!!!","GeoffF@ruizfoods.com","Teamwork","Operation","Approved","2025-01-29T08:00:00Z","2025-01-29T08:00:00Z","2025-02-05T16:42:48Z","Approved"
"OliverK@ruizfoods.com","RaeAnnF@ruizfoods.com","Customer Service appreciates Oliver for his communication, sense of humor, positive teamwork approach, patience and for going above and beyond to ensure the best case fill to the Ruiz Customer.  Thank you Oliver, we appreciate you.","GeoffF@ruizfoods.com","Teamwork","Operations","Approved","2025-01-29T08:00:00Z","2025-01-29T08:00:00Z","2025-02-05T16:42:45Z","Approved"
"ShilpaG@ruizfoods.com","RaeAnnF@ruizfoods.com","Customer Service would like to praise Shilpa for her outstanding teamwork with the team, always available and patient with our questions.  She work with us not just on the issues but on the long term solutions as well.  We so appreciate you Shilpa and thank you for all that you do for Ruiz Foods.  Your passion and care for doing things the right way and also with a sense of urgency on the priorities.  Much appreciated.","ValerieK@ruizfoods.com","Teamwork","Information Technology","Approved","2025-01-29T08:00:00Z","2025-01-29T08:00:00Z","2025-02-05T16:42:38Z","Approved"
"AdrianGa@ruizfoods.com","RaeAnnF@ruizfoods.com","Thank you Adrian for all of your continuous support to the Customer Service Team.  Your patience, feedback, support and leadership are very appreciated.  Thank you.","MarthaMc@ruizfoods.com","Teamwork","Human Resources","Approved","2025-01-29T08:00:00Z","2025-01-29T08:00:00Z","2025-02-05T16:42:32Z","Approved"
"ReneF@ruizfoods.com","EdwardG@ruizfoods.com","Rene works with others to accomplish goals and objectives, leverage and incorporate ideas of all team members. This past weekend Rene worked throughout the weekend to address water concerns and high priority items from a 3rd party audit. He gets the job done by developing and maintaining effective working relationships with other teams and individuals. Thank you!","LuisMa@ruizfoods.com","Teamwork","Maintenance","Approved","2025-01-28T08:00:00Z","2025-01-28T08:00:00Z","2025-02-04T18:51:40Z","Approved"
"ElisabethT@ruizfoods.com","EdwardG@ruizfoods.com","Elisabeth is a ""go to"" resource who spends the extra effort to provide information that helps put others at ease. She always shows consistency between words and actions. ","OlgaB@ruizfoods.com","Integrity","Legal","Approved","2025-01-18T08:00:00Z","2025-01-20T08:00:00Z","2025-01-27T14:08:07Z","Approved"
"ChristyR@ruizfoods.com","BrianS@ruizfoods.com","Christy was a huge help in pulling samples, shipping for cuttings, and doing rollability on RTE batter trials in Florence. She watched over each step and made sure it was done correctly. She made everyone's job easier with her efforts.","DavidPe@ruizfoods.com","Teamwork","Quality Assurance","Approved","2025-01-16T08:00:00Z","2025-01-16T08:00:00Z","2025-01-23T20:35:11Z","Approved"
"JustineM@ruizfoods.com","EdwardG@ruizfoods.com","Justine took on the task of searching for a vendor that would administer required Sexual Harassment Prevention Training for Ruiz Foods. She partnered with Human Resources and figured out how to do or deliver something better or of greater value to the organization during the holiday break. We received positive feedback as the two-hour training was interactive and effective fulfilling regulatory requirements.","MarthaMc@ruizfoods.com","Innovation","Operation","Approved","2025-01-14T08:00:00Z","2025-01-14T08:00:00Z","2025-01-21T15:58:28Z","Approved"
"RichardHol@ruizfoods.com","MartinA@ruizfoods.com","I would like to take a moment to recognize our supervisor Richard Holder for his exceptional teamwork. His ability to foster a collaborative environment has been instrumental in our Bakery  team’s success. He consistently encourages open communication, values each team member’s input, and leads by example with his dedication and positive attitude. His support and guidance have not only helped the Bakery Team to achieve daily goals but have also made the TMs workplace a more enjoyable and productive space. Thank you Richard for being an outstanding leader and teammate!","AdrianaA@ruizfoods.com","Teamwork","Operation","Approved","2025-01-13T08:00:00Z","2025-01-13T08:00:00Z","2025-01-20T21:01:43Z","Approved"
"MaritzaV@ruizfoods.com","JustineM@ruizfoods.com","Maritza was a huge help in coordinating and facilitating the Supervisor training that took place on Jan 2-3, 2025 in Dinuba. She went above and beyond to help ensure everything went smoothly with the training sessions, the food, and the facilities. Thank you, Maritza!","JustineM@ruizfoods.com","Teamwork","Operation","Approved","2025-01-13T08:00:00Z","2025-01-13T08:00:00Z","2025-01-20T19:38:50Z","Approved"
"MaribelO@ruizfoods.com","JustineM@ruizfoods.com","Maribel was a huge help in coordinating the Supervisor training that took place on Jan 2-3, 2025 in Dinuba. She made my job much easier and her hard work is always greatly appreciated!","EdwardG@ruizfoods.com","Teamwork","Operations","Approved","2025-01-13T08:00:00Z","2025-01-13T08:00:00Z","2025-01-20T18:59:53Z","Approved"
"CeciliaO@ruizfoods.com","ZairaT@ruizfoods.com","I would like to give a praise to Cecilia for her help this week. We received a few delivery date changes for Costco Bay area and she was able to help us accommodate these requests. 
Cecilia is always willing to help/find ways to help us accommodate these types of requests. Thank you Cecilia for all you do! ","CasseyM@ruizfoods.com","Teamwork","Transportation","Approved","2024-12-12T08:00:00Z","2024-12-12T08:00:00Z","2024-12-19T20:59:22Z","Approved"
"LuzR@ruizfoods.com","DarleneT@ruizfoods.com","Want to give a shout out to Luz Rodriguez for working on a very important project for Circle K.  Based on her detailed report we were able to move forward with our response with this customer.  Thanks Luz for a job well done.","DarleneT@ruizfoods.com","Teamwork","Marketing","Approved","2024-12-10T08:00:00Z","2024-12-10T08:00:00Z","2024-12-17T17:11:56Z","Approved"
"CaseyB@ruizfoods.com","CrennaM@ruizfoods.com","Casey is always willing to help and get information needed to process invoices, a great team player. thank you Casey for always helping. 
","CaseyB@ruizfoods.com","Teamwork","Finance","Approved","2024-12-10T08:00:00Z","2024-12-10T08:00:00Z","2024-12-17T17:09:15Z","Approved"
"KimberliC@ruizfoods.com","DanielleY@ruizfoods.com","I just want to thank our Fearless Leader for the Transparency & Respect she showed this week.  We recently had a Team Meeting and She addressed everything that was of concern to the Team and Myself.  This made everyone feel at ease for the year ahead.  Bravo Ms. Kim!!!","KimberliC@ruizfoods.com","Respect","Executive","Approved","2024-12-04T08:00:00Z","2024-12-04T08:00:00Z","2024-12-11T22:13:55Z","Approved"
"MargaritoM@ruizfoods.com","DavidV2@ruizfoods.com","A huge shoutout to Margarito for his incredible effort in organizing this year’s annual Turkey Bowl Soccer Tournament! His dedication, leadership, and attention to detail brought the Ruiz team together for an unforgettable day of camaraderie and competition. Thanks to his hard work, everyone enjoyed a well-organized, fun, and spirited event. Margarito’s commitment to creating memorable experiences for the team truly deserves recognition—thank you for making the tournament such a success!

","ThomasP@ruizfoods.com","Teamwork","Quality Assurance","Approved","2024-12-03T08:00:00Z","2024-12-03T08:00:00Z","2024-12-10T21:54:51Z","Approved"
"RichardHol@ruizfoods.com","AdrianaA@ruizfoods.com","Richard has been a great support for the production lines. Running bakeries as an MO and as a Supervisor. Great team work!! We appreciate you!","AdrianaA@ruizfoods.com","Teamwork","Operation","Approved","2024-12-03T08:00:00Z","2024-12-03T08:00:00Z","2024-12-10T18:19:58Z","Approved"
"DanielF@ruizfoods.com","AdrianaA@ruizfoods.com","Mr. Farmer has been great support for the operations team. Working together with the production supervisors on how to ensure their start ups are better! We appreciate you Mr. Farmer. Thank you!","DickieC@ruizfoods.com","Teamwork","Maintenance","Approved","2024-12-03T08:00:00Z","2024-12-03T08:00:00Z","2024-12-10T18:19:47Z","Approved"
"MarthaMc@ruizfoods.com","EdwardG@ruizfoods.com","On Monday November 25 the Dinuba team received an unannounced Costco auditor. Martha successfully worked with quality, operational and logistics teams to support and ensure the audit would be completed with an inviting environment representative of Ruiz Foods culture. With the short holiday week, the task was particularly challenging as several key contacts were unavailable and offsite. Thank you Martha and the Human Resource team!","TonyC@ruizfoods.com","Teamwork","Human Resources","Approved","2024-11-27T08:00:00Z","2024-11-27T08:00:00Z","2024-12-04T16:10:33Z","Approved"
"JasonR@ruizfoods.com","GalenS@ruizfoods.com","Jason, as expected is stepping up strongly into his new capacity as Factory Director of Denison.  I would like to praise him for one aspect of that performance in particular; He is communicating extremely effectively with his personal input into matters related to engineering, whether that be description of condition or performance, assessment of need for assistance & intervention, or general commentary for increased understanding.  His knowledge of all things Denison give him a very balanced approach to his evaluations and they are greatly appreciated.","SeanM@ruizfoods.com","Teamwork","Operations","Approved","2024-11-20T08:00:00Z","2024-11-20T08:00:00Z","2024-11-27T15:10:02Z","Approved"
"AgustineM@ruizfoods.com","DavidV2@ruizfoods.com","I would like to commend Agustin for his exceptional support of our supply planning team.  His unwavering reliability and readiness to assist, coupled with his eagerness to learn and contribute have proven a great add to our process. Agustin consistently goes above and beyond to ensure smooth processes and effective collaboration, demonstrating both professionalism and dedication. Huge thanks for your hard work and willingness to help!","EdwardG@ruizfoods.com","Teamwork","Operations","Approved","2024-11-18T08:00:00Z","2024-11-18T08:00:00Z","2024-11-25T17:57:25Z","Approved"
"HeatherB@ruizfoods.com","MeghanF@ruizfoods.com","Heather, your work on enhancing the ACH program has been exceptional! The improvements you’ve implemented are making the process more efficient and vendor-friendly, which will undoubtedly have a lasting impact on our vendor relationships. Simplifying their experience shows our commitment to partnership, and your contributions are at the heart of this positive change. Great job!","DanielRe@ruizfoods.com","Teamwork","Finance","Approved","2024-11-18T08:00:00Z","2024-11-18T08:00:00Z","2024-11-25T15:17:31Z","Approved"
"AlfredoL@ruizfoods.com","MeghanF@ruizfoods.com","Alfredo, I want to take a moment to recognize the outstanding work you’ve done on improving the ACH program. By simplifying and speeding up the process for our vendors, you’ve not only streamlined internal operations but also strengthened our relationships with them. This kind of thoughtful innovation goes a long way in building trust and loyalty, and your efforts have truly made a difference. Thank you!","DanielRe@ruizfoods.com","Teamwork","Finance","Approved","2024-11-18T08:00:00Z","2024-11-18T08:00:00Z","2024-11-25T15:17:02Z","Approved"
"ThomasP@ruizfoods.com","EdwardG@ruizfoods.com","Thomas recently completed his Masters Degree which highlights his ability to support the business while working on self-development. He has a high acumen in Learning Agility spotlights his capability, speed, and desire to learn.","DavidPe@ruizfoods.com","None of These","Quality Assurance","Approved","2024-11-14T08:00:00Z","2024-11-14T08:00:00Z","2024-11-21T16:29:03Z","Approved"
"AustinB@ruizfoods.com","TreyJ@ruizfoods.com","Austin is the packaging expert. He helped us source a DRC for an incremental consumer and worked closely with marketing to ensure the new package was consumer friendly and as efficient as possible given the constraints. Austin's work ethic shows in every thing he does and I appreciate his efforts on this project. ","TammyTu@ruizfoods.com","Teamwork","R&D","Approved","2024-11-14T08:00:00Z","2024-11-14T08:00:00Z","2024-11-21T15:41:28Z","Approved"
"RoyE@ruizfoods.com","TreyJ@ruizfoods.com","Roy helped us close out a pivotal P&L for an incremental customer with short notice. Roy brought his knowledge of distribution costs and helped the team think through all avenues to ensure our P&L was buttoned up. Roy is always willing to help teach cross functionals and is a fantastic teammate. Thank you Roy for all the help.","EricCo@ruizfoods.com","Teamwork","Finance","Approved","2024-11-14T08:00:00Z","2024-11-14T08:00:00Z","2024-11-21T15:37:21Z","Approved"
"MatthewHu@ruizfoods.com","TreyJ@ruizfoods.com","Matt stepped up when we had an urgent need with one of our customers. He was able to gather some key inputs to help us solidify a margin accretive P&L for our MS Meals business. Matt is a great teammate and asset to the Ruiz team. I appreciate his willingness to jump in when help is needed.","EricCo@ruizfoods.com","Teamwork","Finance","Approved","2024-11-14T08:00:00Z","2024-11-14T08:00:00Z","2024-11-21T15:34:14Z","Approved"
"FranklinC@ruizfoods.com","ClarkW@ruizfoods.com","Franklin, as always, thanks for being a behind the scenes driving force getting our new TM's in Florence taken care of.  Whether they are H2B, Bullseye or the newest from Puerto Rico, we couldn't do it without your team.","JeffT@ruizfoods.com","Teamwork","Operation","Approved","2024-11-13T08:00:00Z","2024-11-13T08:00:00Z","2024-11-20T13:51:20Z","Approved"
"ThomasPa@ruizfoods.com","TonyD@ruizfoods.com","During the FY25 P1 close, Thomas stepped up to assist the team by posting all P1 JEs while another team member was occupied with a critical reporting filing. His contribution was invaluable in ensuring a successful period-end close for tax and treasury. Thank you, Thomas!","TonyD@ruizfoods.com","Teamwork","Finance","Approved","2024-11-07T08:00:00Z","2024-11-07T08:00:00Z","2024-11-14T21:49:45Z","Approved"
"BenedictH@ruizfoods.com","EdwardG@ruizfoods.com","Ben and Casey successfully worked with Denison, Dinuba, and Florence teams to align and accomplish a comprehensive MUV report for the front-line team. He leveraged and incorporated ideas of all team members, recognized others for their contributions, involved plant and corporate team members in decision-making, willingly negotiate, resolve conflicts and reach agreements. Ben found the “win/win”.","CaseyB@ruizfoods.com","Teamwork","Finance","Approved","2024-11-07T08:00:00Z","2024-11-07T08:00:00Z","2024-11-14T14:56:59Z","Approved"
"CaseyB@ruizfoods.com","EdwardG@ruizfoods.com","Casey and Ben successfully worked with Denison, Dinuba, and Florence teams to align and accomplish a comprehensive MUV report for the front-line team. She leveraged and incorporated ideas of all team members, recognized others for their contributions, involved plant and corporate team members in decision-making, willingly negotiate, resolve conflicts and reach agreements. Casey found the “win/win”.","KevinKe@ruizfoods.com","Teamwork","Finance","Approved","2024-11-07T08:00:00Z","2024-11-07T08:00:00Z","2024-11-14T14:56:57Z","Approved"
"RolandB@ruizfoods.com","KendellP@ruizfoods.com","Roland is someone who consistently exceeds my expectations, takes responsibility for his work and owns it. learns new task challengingly. He understands my plan for the department and when I ask for better than before, he owns it. He stays focused through the daily background noise. He is always willing to go above and beyond. He  helps, communicates, influences and treats teammates with respect. ","KendellP@ruizfoods.com","Teamwork","Maintenance","Approved","2024-10-25T07:00:00Z","2024-10-25T07:00:00Z","2024-11-01T13:07:56Z","Approved"
"MeghanF@ruizfoods.com","MatthewMe@ruizfoods.com","Even though we were not able to fix the situation, with a simple stroke of a few keys, Meghan did all she could to fix an issue we has with data on some existing SharePoint files. She took the effort to pull in other team member to assist with the issue, once we had hit a wall in hopes that collaborating with others could potentially resolve. For this extra effort and working over multiple days with a positive and professional demeanor, I would like to recognize Meghan.","ValerieK@ruizfoods.com","Teamwork","Information Technology","Approved","2024-09-28T07:00:00Z","2024-09-30T07:00:00Z","2024-10-07T11:39:22Z","Approved"
"HaaronGCONSULT@ruizfoods.com","MatthewMe@ruizfoods.com","Haaron has on numerous occasions assisted with issues of our engineering documentation movements of data until it is satisfactory for the end users. Much of this work has extended to more than one contact call but Haaron has stayed on the task until the desired outcome is achieve, even though that may carry over a period of days until the desired outcome is achieved. He is always courteous and professional as he interacts with the requester as well. Note: the Core Value field should be changed to allow for multiple values","SalG@ruizfoods.com","Teamwork","Consultant","Approved","2024-09-28T07:00:00Z","2024-09-30T07:00:00Z","2024-10-07T11:39:01Z","Approved"
"JulioR@ruizfoods.com","LindaR@ruizfoods.com","I want to give Julio a big thank you for his hard work leading Masterbrand photoshoot preparation! This is one of the biggest photoshoots we have ever done and Julio has done a great job ensuring that all of our products are prepped and ready for the team to have a successful shoot (on top of his busy daily workload). His leadership and ability to adapt quickly has allowed us stay on track with the timeline and ensures we can make an impact in market sooner. Thank you!","TammyTu@ruizfoods.com","Teamwork","R&D","Approved","2024-09-27T07:00:00Z","2024-09-27T07:00:00Z","2024-10-04T15:53:04Z","Approved"
"CaseyB@ruizfoods.com","EdwardG@ruizfoods.com","Casey has successfully worked with the Dinuba maintenance team to accomplish and prepare for in year and year-end inventory goals and objectives. She leverages and incorporate ideas of all team members, recognize others for their contributions, involve team members in planning and decision-making. Thank you, Casey, for all your partnership and support!","KevinKe@ruizfoods.com","Teamwork","Finance","Approved","2024-09-26T07:00:00Z","2024-09-26T07:00:00Z","2024-10-03T18:16:54Z","Approved"
"BernardP@ruizfoods.com","JesseS@ruizfoods.com","Bernard has been very helpful filling in to provide IT support in the Frisco office temporarily. I really appreciate his flexibility and willingness to take on this new assignment, and his patience and positive approach when resolving our computer issues. Thanks, Bernard!","SalG@ruizfoods.com","Teamwork","Information Technology","Approved","2024-09-24T07:00:00Z","2024-09-24T07:00:00Z","2024-10-01T21:17:40Z","Approved"
"MeghanF@ruizfoods.com","ChristinaJ@ruizfoods.com","Meghan carries the spirit of teamwork and collaboration. I know that when I need assistance or guidance she is open and willing to lend a hand and provide support. She assisted with supporting the Ruiz Women kick-off meeting and helps find solutions in Ruiz University and in Teams. Thanks Meghan for all you do.","ValerieK@ruizfoods.com","Teamwork","Information Technology","Approved","2024-09-20T07:00:00Z","2024-09-20T07:00:00Z","2024-09-27T16:04:55Z","Approved"
"JonathanGo@ruizfoods.com","BertonC@ruizfoods.com","I want to thank Jonathan for all his hard work getting the line ready to go for a successful startup and his fast response time throughout the day to keep the machines running good. ","MatthewF@ruizfoods.com","Teamwork","Maintenance","Approved","2024-09-18T07:00:00Z","2024-09-18T07:00:00Z","2024-09-25T13:08:41Z","Approved"
"KelliG@ruizfoods.com","MeghanF@ruizfoods.com","I wanted to take a moment to thank Kelli for her willingness to help out on a recent request and for the incredible attention to detail she has shown in handling the request. It's truly refreshing to see how you approach everything with such a positive attitude, and it's a quality that makes a real difference. We're really lucky to have you on the Ruiz Foods team, and your contributions don’t go unnoticed! Thank you for all that you do.","ClarkW@ruizfoods.com","Teamwork","Human Resources","Approved","2024-09-13T07:00:00Z","2024-09-13T07:00:00Z","2024-09-20T17:15:54Z","Approved"
"MaribelO@ruizfoods.com","EdwardG@ruizfoods.com","Maribel is always approachable and considerate delivering great results to all our teams. Receiving an unannounced three-day visit, she coordinated conference room, technology connection, access, food, and beverages. Maribel develops and maintains effective working relationships. ","MarthaMc@ruizfoods.com","Teamwork","Operations","Approved","2024-09-13T07:00:00Z","2024-09-13T07:00:00Z","2024-09-20T12:43:17Z","Approved"
"KyndraB@ruizfoods.com","EdwardG@ruizfoods.com","Kyndra has developed and maintained effective working relationships with other teams and individuals. Just recently she completed a three-hour marathon reconciliation for Dinuba Phase II. This will support efforts in Ruiz Foods being made whole prior to fiscal year end. ","BillW@ruizfoods.com","Teamwork","Finance","Approved","2024-09-12T07:00:00Z","2024-09-12T07:00:00Z","2024-09-19T12:27:22Z","Approved"
"EvanJ@ruizfoods.com","BrianH@ruizfoods.com","Evan Jones, you have become a vital asset to the team on swing shift in Florence. You have gained knowledge of several different areas of the facility and never bac down from a challenge. Through training and development, you have been able to provide additional over sight of many different aspects of operations while ramping up Line 1 Swing to cover a business need. I look forward to your continued growth and development with Ruiz Foods. Keep moving forward and pushing the teams to be successful through your leadership. Appreciate all that you do! :)  ","BrianH@ruizfoods.com","Teamwork","Operations","Approved","2024-09-12T07:00:00Z","2024-09-12T07:00:00Z","2024-09-19T12:12:32Z","Approved"
"JacquelineD@ruizfoods.com","BrianH@ruizfoods.com","Jackie you are a shining star! As a production clerk, you manage to still help in many aspects of the operations side. You are a true team player and you don't miss a beat. Jackie, your growth and development have always been remarkable. You continue to mange your day to day tasks and provide information to the supervisors. You are always up to date with making sure that our TMs schedules are up to date, time is coded correctly, prior week mistakes are completed in a timely fashion and information is keyed and ready for payroll. Thanks for all you do for our team. You go above and beyond! :) ","BrianH@ruizfoods.com","Integrity","Operations","Approved","2024-09-12T07:00:00Z","2024-09-12T07:00:00Z","2024-09-19T12:12:03Z","Approved"
"LazaroC@ruizfoods.com","EdwardG@ruizfoods.com","During the graveyard shift the maintenance team welcomes new and different approaches to problem solving. Saturday night, 11:25pm, it was determined that fryer six burner gas valve needed replacement. After making multiple calls with no answer Lazaro was able to connect with Operations Management. He provided an updated with multiple scenarios settling on working together with a contractor to repair the valve. Lazaro's and his teams thoughtful approach ensured the line was ready for operations with no downtime.","ArmandoRa@ruizfoods.com","Innovation","Maintenance","Approved","2024-09-09T07:00:00Z","2024-09-09T07:00:00Z","2024-09-16T21:50:38Z","Approved"
"MaribelO@ruizfoods.com","EdwardG@ruizfoods.com","Maribel received an irregular charge for a major business partner. She reached out the partner and procurement questioning the significant charges. Maribel is honest and trusted by others which generated a swift investigation where the business partner admitted to an error in billing. ","MarthaMc@ruizfoods.com","Integrity","Operations","Approved","2024-08-30T07:00:00Z","2024-08-30T07:00:00Z","2024-09-06T11:32:43Z","Approved"
"KyndraB@ruizfoods.com","MeghanF@ruizfoods.com","I wanted to take a moment to recognize Kyndra for her outstanding contributions to our team. Her analytical skills are truly impressive, consistently providing valuable insights that have helped us navigate complex challenges. She’s always willing to jump into any project, no matter how big or small, and her helpful nature has made a significant impact on our productivity. What’s even more remarkable is how quickly she learns and adapts, often going above and beyond by developing advanced tools that have streamlined processes and benefited everyone around her. Her dedication and skillset are invaluable to our success.","DanielRe@ruizfoods.com","Innovation","Finance","Approved","2024-08-29T07:00:00Z","2024-08-29T07:00:00Z","2024-09-05T14:47:04Z","Approved"
"RobertoHe@ruizfoods.com","LeifE@ruizfoods.com","Roberto does an outstanding job updating SSOPs for the Vernon sanitation team. His attention to detail for process steps and excellent incorporation of well taken photo examples makes updating SSOPs for Vernon a quick and easy process. His updates often require little to no additional wordsmithing or corrections required. Roberto takes all aspects of sanitation into account when sending in his updates for review including sanitation effectiveness, safety, quality impact, and team mate compliance and understanding.

Keep up the nice work and kudos to Roberto on a job well done!!! ","JoseMar4@ruizfoods.com","Teamwork","Production","Approved","2024-08-28T07:00:00Z","2024-08-28T07:00:00Z","2024-09-04T20:09:32Z","Approved"
"RafaelH@ruizfoods.com","DavidV2@ruizfoods.com","I'd like to commend Rafael for rising to the occasion and assuming leadership at a critical time. In a moment where others where at rest (1AM), Rafael's quick action and initiative were vital to ensuring that the plant continued its manufacturing operations smoothly. His dedication and ability to respond under pressure exemplify true leadership. Thank you, Rafael, for your unwavering commitment and for being part of the driving force behind the plant's continued success during a critical time.","EdwardG@ruizfoods.com","Teamwork","Quality Assurance","Approved","2024-08-27T07:00:00Z","2024-08-27T07:00:00Z","2024-09-03T11:33:11Z","Approved"
"OctavioD@ruizfoods.com","ThomasH@ruizfoods.com","Food Lion is running a Family Pack promotion and item #01868 was going to ship short on an order...Tavo contacted the Florence team and initiated a plan to ship item #01868 in full to Food Lion...this is a great example of ownership and teamwork, thank you Tavo! ","SherylR@ruizfoods.com","Teamwork","Customer Service","Approved","2024-08-26T07:00:00Z","2024-08-26T07:00:00Z","2024-09-02T15:37:10Z","Approved"
"THOMASJ@ruizfoods.com","JesseS@ruizfoods.com","Thomas was a key contributor to getting Meals production up and running in Vernon the last few weeks. Everyone has been commenting on his hard work and dedication: working long hours each day, doing whatever it took to work through issues and keep things moving forward, all with a great positive attitude. Anyone who knows Thomas is not surprised by any of this, as it's his normal approach to all projects, but it's remarkable nonetheless. We can always count on Thomas! Thank you!","TammyTu@ruizfoods.com","Quality","R&D","Approved","2024-08-24T07:00:00Z","2024-08-26T07:00:00Z","2024-09-02T12:49:01Z","Approved"
"DavidV2@ruizfoods.com","EdwardG@ruizfoods.com","Dinuba and Tulare experienced a vendor issue that impacted three lines of operation requiring a same day, next day, and weekend schedule changes. David found the the “win/win” for operations to start back production.","GeoffF@ruizfoods.com","Teamwork","Operations","Approved","2024-08-23T07:00:00Z","2024-08-23T07:00:00Z","2024-08-30T19:03:15Z","Approved"
"AdrianaA@ruizfoods.com","RaeAnnF@ruizfoods.com","Thank you Adriana for taking the time to provide a plant tour for us, it was very inciteful to the customer service team and our understanding of the plant operations.  This will assist us with our support and service to both our internal partners as well as to our valued customers. ","JohnS@ruizfoods.com","Teamwork","Operations","Approved","2024-08-19T07:00:00Z","2024-08-19T07:00:00Z","2024-08-26T16:17:45Z","Approved"
"PeterV@ruizfoods.com","MatthewCa@ruizfoods.com","I just wanted to give Peter a huge shout out for consistently going above and beyond in support of the Denison team and staff!

Thank you Peter for everything you do for us!","MichaelW@Ruizfoods.com","Integrity","Information Technology","Approved","2024-08-19T07:00:00Z","2024-08-19T07:00:00Z","2024-08-26T12:12:16Z","Approved"
"BlakeS@ruizfoods.com","DavidS@ruizfoods.com","Blake helped our C-Store Sales Team by initiating dozens of new product ideas for Casey's last week via online submission.  It was no small effort and Blake's work could help open the door to a big new opportunity for F25.  You're a great teammate.  Thank you, Blake!","MatthewMa@ruizfoods.com","Teamwork","Marketing","Approved","2024-08-18T07:00:00Z","2024-08-18T07:00:00Z","2024-08-25T23:13:26Z","Approved"
"AlexD@ruizfoods.com","TreyJ@ruizfoods.com","Alex dedicated her time recently to educate the Marketing department on what it actually means when we say ""Authentic Mexican food"". Not only did she walk us through the history & traditions of her home country but she helped us participate in a hands-on Mexican food experience. Her knowledge and passion for Mexican food was apparent in both the presentation and the way she talked about the food we shared. Thanks Alex for being a part of the team & helping us all become better experts in the category.","TammyTu@ruizfoods.com","Teamwork","R&D","Approved","2024-08-15T07:00:00Z","2024-08-15T07:00:00Z","2024-08-22T21:17:15Z","Approved"
"IlacixemR@ruizfoods.com","TreyJ@ruizfoods.com","Ila played a pivotal role in helping educate the Marketing team on the diverse history, traditions, and flavors of authentic Mexican food. She helped lead us through a presentation that was not only thorough but engaging. You could feel the passion Ila has for Mexican food and the history behind it. Thanks for taking us on this culinary journey!","TammyTu@ruizfoods.com","Teamwork","R&D","Approved","2024-08-15T07:00:00Z","2024-08-15T07:00:00Z","2024-08-22T21:12:45Z","Approved"
"DanielleN@ruizfoods.com","DanielleY@ruizfoods.com","I am very grateful to Danielle.  She was able to obtain a large sum reimbursement for a canceled meeting for me.  Her determination and negotiation skills are top-tier.  She truly is an asset to Ruiz Foods.","KimberliC@ruizfoods.com","Teamwork","Executive Admin","Approved","2024-08-13T07:00:00Z","2024-08-13T07:00:00Z","2024-08-20T16:01:29Z","Approved"
"MatthewHu@ruizfoods.com","DavidS@ruizfoods.com","Matt stepped in and helped us pull together various financial scenarios during round 1 and 2 of the 7-Eleven RFQ process.  I really appreciate Matt's willingness to partner with the FS Sales Team on this project and his can-do attitude.  Matt also did a nice job explaining his work and recommendations.  Matt is a great teammate and we're lucky to have him on our Commercial Team!","EricCo@ruizfoods.com","Teamwork","Finance","Approved","2024-08-09T07:00:00Z","2024-08-09T07:00:00Z","2024-08-16T19:27:31Z","Approved"
"MatthewHu@ruizfoods.com","SandraD@ruizfoods.com","Matt Huckaby, thank you for your collaboration and enduring a record wave of scenario planning on the 7E RFQ second round submission. With your help, the team landed in a solid place. Not only did Matt create a tool that showed the financial impact of our decisions and perspective on how to enhance the growth rebate tiers, but he also put on the ‘CFO hat’ and provided a perspective of how Dan and OpCo might view our recommendation. Thank you for being flexible and bringing out-of-the-box thinking ideas. Thank you for being a great business partner!","EricCo@ruizfoods.com","Teamwork","Finance","Approved","2024-08-09T07:00:00Z","2024-08-09T07:00:00Z","2024-08-16T18:48:15Z","Approved"
"DarleneT@ruizfoods.com","SandraD@ruizfoods.com","I'm sending a shout-out to Darlene for rolling up her sleeves and enduring countless meetings in a 2-day window to support the 7E RFQ second round submission. Darlene led an assessment which gave the team increased confidence that the pricing direction would provide velocity performance and enable 7E to achieve their target profit margin. Thanks, Darlene, for proactively engaging in the process and partnership to ensure we are well positioned to protect and grow Roller Grill.","JesseS@ruizfoods.com","Teamwork","Sales","Approved","2024-08-09T07:00:00Z","2024-08-09T07:00:00Z","2024-08-16T16:59:07Z","Approved"
"HaaronGCONSULT@ruizfoods.com","SandraD@ruizfoods.com","Haaron has done an amazing job developing and setting up the Ruiz Women share point site. He brought ideas forward to enhance the share point site flow and structure as well as content suggestions. Haaron, thank you for all your support and a job well done. Bravo!!!","ValerieK@ruizfoods.com","Teamwork","Consultant","Approved","2024-08-09T07:00:00Z","2024-08-09T07:00:00Z","2024-08-16T16:27:26Z","Approved"
"PaulHa@ruizfoods.com","GinaF@ruizfoods.com","Paul engineered a solution by installing sensors on the case packer to detect cases when less than full on the roller grill lines. Since the installation in Denison (Nov 2023) and Florence (Feb 2024), we have not received any customer complaints for partially filled cases! I appreciate Paul's ingenuity and passion for problem solving! Paul, thanks for making a difference!","JacobK@ruizfoods.com","Innovation","Operations","Approved","2024-08-08T07:00:00Z","2024-08-08T07:00:00Z","2024-08-15T23:11:59Z","Approved"
"DianaP@ruizfoods.com","DanielleY@ruizfoods.com","Diana always comes through when last-minute fire drills arise.  She is quick to respond. I have recently had some complicated requests, well I thought they were complicated.  Diana completed them with ease and was able to return the P.O. to me very quickly.  I am very grateful to have a co-worker like her.","DavidSu@ruizfoods.com","Teamwork","Purchasing","Approved","2024-08-05T07:00:00Z","2024-08-05T07:00:00Z","2024-08-12T17:01:23Z","Approved"
"CarlyH@ruizfoods.com","DanielleY@ruizfoods.com","Carly is extremely dependable.  If I need something, I always know I can count on her 100 percent.  Having her as a back-up has helped me out greatly.  She listens attentively and learns new tasks very quickly.  Carly will always lend a helping hand. She is truly a joy to work with. ","JesseS@ruizfoods.com","Teamwork","Executive","Approved","2024-08-05T07:00:00Z","2024-08-05T07:00:00Z","2024-08-12T17:01:15Z","Approved"
"KennyO@ruizfoods.com","EdwardG@ruizfoods.com","Kenny and Dario were made aware of a product availability issue at the local Wal-Mart with Beef and Bean Red Chili burrito. Two loyal customers mentioned they were having to purchase via Amazon at a higher cost. Dario and Kenny received authorization to provided product to thank them for their loyalty to the brand. They figured out how to do or deliver something of greater value to the customer.","JeffT@ruizfoods.com","Innovation","Receiving","Approved","2024-07-31T07:00:00Z","2024-07-31T07:00:00Z","2024-08-07T23:58:16Z","Approved"
"DarioF@ruizfoods.com","EdwardG@ruizfoods.com","Dario and Kenny were made aware of a product availability issue at the local Wal-Mart with Beef and Bean Red Chili burrito. Two loyal customers mentioned they were having to purchase via Amazon at a higher cost. Dario and Kenny received authorization to provided product to thank them for their loyalty to the brand. They figured out how to do or deliver something of greater value to the customer.","EdwardG@ruizfoods.com","Innovation","Operation","Approved","2024-07-31T07:00:00Z","2024-07-31T07:00:00Z","2024-08-07T23:58:03Z","Approved"
"CeciliaO@ruizfoods.com","ZairaT@ruizfoods.com","We recently had a request from Costco Los Angeles to move up 4 orders to support their upcoming Back to School Handout. 
Cecilia jumped in on this quick and was able to help accommodate this request. Cecilia is always ready to jump in and help accommodate delivery date changes from Costco and other customers. 
Thank you Cecilia for everything you do! ","CasseyM@ruizfoods.com","Teamwork","Transportation","Approved","2024-07-30T07:00:00Z","2024-07-30T07:00:00Z","2024-08-06T21:31:17Z","Approved"
"JeanetteM@ruizfoods.com","BrianS@ruizfoods.com","Jeanette twice helped support a late-night trial in Dinuba for me. I couldn't have gotten the project moving forward without the trial and her support.","DavidH2@ruizfoods.com","Teamwork","R&D","Approved","2024-07-29T07:00:00Z","2024-07-29T07:00:00Z","2024-08-05T13:40:59Z","Approved"
"SachinC@ruizfoods.com","EdwardG@ruizfoods.com","While onsite in Dinuba Sachin noticed an opportunity at the Dinuba Holiday Inn. The onsite market lacked Ruiz Foods items but did sell the competitors. He escalated the information with Sales resulting in samples being provided of SKU 14478, 14332, 06439 and 03984. The Holiday Inn General Manager will now purchase from their main supplier US Foods.","JeffT@ruizfoods.com","Teamwork","Purchasing","Approved","2024-07-26T07:00:00Z","2024-07-26T07:00:00Z","2024-08-02T13:13:03Z","Approved"
"LindaL@ruizfoods.com","EdwardG@ruizfoods.com","Linda is always helpful and enthusiastic when working together for Birthday Club, Service Awards, Recruiting, etc. She develops and maintains effective working relationships with the team and individuals. ","MarthaMc@ruizfoods.com","Teamwork","Human Resources","Approved","2024-07-24T07:00:00Z","2024-07-24T07:00:00Z","2024-07-31T22:38:01Z","Approved"
"JasonS@ruizfoods.com","AdlaiW@ruizfoods.com","Thanks for your help designing the fantastic new Product Poster!","JaromW@ruizfoods.com","Quality","Marketing","Approved","2024-07-24T07:00:00Z","2024-07-24T07:00:00Z","2024-07-31T18:18:52Z","Approved"
"JonathanBa@ruizfoods.com","AdlaiW@ruizfoods.com","Great job at the Retail Summit!","ChristinaB@ruizfoods.com","Quality","Marketing","Approved","2024-07-24T07:00:00Z","2024-07-24T07:00:00Z","2024-07-31T18:17:14Z","Approved"
"RuthL@ruizfoods.com","AdlaiW@ruizfoods.com","Thank you for your help with the fantastic new Product Poster!!","JaromW@ruizfoods.com","Quality","Marketing","Approved","2024-07-24T07:00:00Z","2024-07-24T07:00:00Z","2024-07-31T18:16:56Z","Approved"
"LanceW@ruizfoods.com","JesseS@ruizfoods.com","When we ran into challenges with exports to Canada, Lance went to work right away helping identify materials that would allow us to restart Tornados production as soon as possible. That ensured we could keep our customers in business and have product available for consumers to buy.","RenaL@ruizfoods.com","Teamwork","Quality Assurance","Approved","2024-07-24T07:00:00Z","2024-07-24T07:00:00Z","2024-07-31T14:09:51Z","Approved"
"JenniferA@ruizfoods.com","JesseS@ruizfoods.com","Jennifer has been instrumental in working through our Canada export issues. When the problems surfaced she began right away reaching out to our vendors to get regulatory information quickly that would allow us to keep producing and identify exportable inventory.","RenaL@ruizfoods.com","Teamwork","Quality Assurance","Approved","2024-07-24T07:00:00Z","2024-07-24T07:00:00Z","2024-07-31T14:05:53Z","Approved"
"AllenT@ruizfoods.com","JesseS@ruizfoods.com","Allen jumped into action right away when we had export issues last month, quickly helping us trace materials to get us back in business on Tornados production. That allowed us to get product to our customers and consumers as quickly as possible.","RenaL@ruizfoods.com","Teamwork","Manufacturing","Approved","2024-07-24T07:00:00Z","2024-07-24T07:00:00Z","2024-07-31T14:05:33Z","Approved"
"JohnV@ruizfoods.com","JesseS@ruizfoods.com","When we had challenges with exports last month John helped with the complicated work of tracing inventory we could ship to Canada, which helped us avoid out of stocks affecting our consumer and customers. Thanks, John!","RenaL@ruizfoods.com","Teamwork","Quality Assurance","Approved","2024-07-23T07:00:00Z","2024-07-23T07:00:00Z","2024-07-30T16:03:52Z","Approved"
"Saulo_Navarro@ruizfoods.com","JesseS@ruizfoods.com","During our recent export challenges, Saulo helped with the difficult task of tracing product so we could get inventory to Canada as soon as possible, to make sure our consumers and customers got what they needed. Thanks, Saulo!","RenaL@ruizfoods.com","Teamwork","Quality Assurance","Approved","2024-07-23T07:00:00Z","2024-07-23T07:00:00Z","2024-07-30T15:52:47Z","Approved"
"FernandoV@ruizfoods.com","JesseS@ruizfoods.com","Fernando worked to track down as many cases as possible that we could export to Canada when we had export challenges last month, to limit the amount of out of stocks affecting our customers and consumers. Thanks, Fernando!","RenaL@ruizfoods.com","Teamwork","Operations","Approved","2024-07-23T07:00:00Z","2024-07-23T07:00:00Z","2024-07-30T15:50:04Z","Approved"
"ThomasP@ruizfoods.com","JesseS@ruizfoods.com","During our recent export issues, Thomas helped with the very complex task of tracing product to find cases we could ship to Canada, which helped us get product to our consumers and customers as quickly as possible. Thank you, Thomas!","RenaL@ruizfoods.com","Teamwork","Quality Assurance","Approved","2024-07-23T07:00:00Z","2024-07-23T07:00:00Z","2024-07-30T15:49:41Z","Approved"
"MariaN@ruizfoods.com","JesseS@ruizfoods.com","Maria helped us double up on our exports to get Canadian shipping back on track as quickly as possible when we had export challenges. This made sure our consumers and customers got the product they needed. Thank you, Maria!","RenaL@ruizfoods.com","Teamwork","Quality Assurance","Approved","2024-07-23T07:00:00Z","2024-07-23T07:00:00Z","2024-07-30T15:46:04Z","Approved"
"StephenRe@ruizfoods.com","ChristinaJ@ruizfoods.com","Thank you Stephen for the quick work you did to help me obtain my rental in Frisco.","MichaelLe@ruizfoods.com","Teamwork","Finance","Approved","2024-07-23T07:00:00Z","2024-07-23T07:00:00Z","2024-07-30T13:56:26Z","Approved"
"BillW@ruizfoods.com","ChristinaJ@ruizfoods.com","Thank you Bill for quickly facilitating a process in my transition to Frisco. It was a last minute request that resulted from finally getting approved for housing that allowed my 4 pets. ","DanielRe@ruizfoods.com","Teamwork","Finance","Approved","2024-07-23T07:00:00Z","2024-07-23T07:00:00Z","2024-07-30T13:55:36Z","Approved"
"CiprianoG@ruizfoods.com","BenjaminG@ruizfoods.com","Cipriano kept in excellent communication regarding an upgrade to Pre-batch Mixer #5120. The task was completed this past weekend with satisfactory results. One request was made after the fact, and Cipriano assisted in its completion the very same day.","LuisMa@ruizfoods.com","Teamwork","Maintenance","Approved","2024-07-22T07:00:00Z","2024-07-22T07:00:00Z","2024-07-29T18:51:23Z","Approved"
"CeciliaO@ruizfoods.com","JesseS@ruizfoods.com","Cecilia had a lot of curve balls thrown her way for several weeks as we faced some challenges with Canadian exports. There were last minute changes in which orders we could ship, our needs for teams of drivers, and Canada warehouse delivery appointments availability, and everything was urgent. Somehow Cecilia found a way to stay on top of all of it and get things done so our customers and consumers had the Ruiz product they needed. Thank you, Cecilia!","GeoffF@ruizfoods.com","Innovation","Transportation","Approved","2024-07-22T07:00:00Z","2024-07-22T07:00:00Z","2024-07-29T18:50:59Z","Approved"
"JuanMa@ruizfoods.com","JesseS@ruizfoods.com","For several weeks when we were facing a number of complex issues with shipments to Canada, Juan made sure we maximized our export stamping capacity so we could minimize out of stocks for our customers. That required a lot of bobbing and weaving, and flexibility, as the number and type of cases available to export was constantly changing, which made it hard to know in advance which orders we could stamp at any given time. Thank you, Juan!","GeoffF@ruizfoods.com","Teamwork","Receiving","Approved","2024-07-22T07:00:00Z","2024-07-22T07:00:00Z","2024-07-29T18:50:41Z","Approved"
"LuisJo@ruizfoods.com","JesseS@ruizfoods.com","Luis was instrumental in working through our recent Canada export issues. His attention and commitment ensured we took great care of Costco, including a huge spike in orders for a nationwide promotion, even though we were facing some major challenges exporting anything across the border. Thank you, Luis!","GeoffF@ruizfoods.com","Teamwork","Demand Planning","Approved","2024-07-22T07:00:00Z","2024-07-22T07:00:00Z","2024-07-29T18:50:07Z","Approved"
"IsauroV@ruizfoods.com","EdwardG@ruizfoods.com","Isauro has shown consistency between his words and actions. The Dinuba team committed to holding employee sales the 3rd Thursday of every month. He has ensured fully functioning Wi-Fi and sale software is working each Wednesday before the sale.","SalG@ruizfoods.com","Integrity","Information Technology","Approved","2024-07-18T07:00:00Z","2024-07-18T07:00:00Z","2024-07-25T21:01:44Z","Approved"
"DannyY@ruizfoods.com","AdrianGa@ruizfoods.com","I want to extend my appreciation to Danny for his exceptional dedication and hard work on our recent project. Danny consistently went above and beyond, even putting in extra hours, to ensure the project was not only completed on time but also executed with the highest level of efficiency. His commitment and perseverance are truly commendable, and his efforts have made a significant positive impact on our team's success. Thank you, Danny, for your outstanding contribution!","NeidaL@ruizfoods.com","Teamwork","Human Resources","Approved","2024-07-16T07:00:00Z","2024-07-16T07:00:00Z","2024-07-23T22:06:42Z","Approved"
"KristiD@ruizfoods.com","ChandaW@ruizfoods.com","Kristi is a first-class expert at what she does but when you add that to her kindness, willingness to help, and patience for answering the same questions over and over - it just doesn't get better than Kristi. As I work my way through reports and applications that are completely new to me, Kristi has made time in her day many, many times (some of them without advance notice) to help me sort through what I have, what I need, and then what might be better. If I get this right, it will only be because of Kristi's wisdom, insight, expertise, and unshakeable patience for teaching and working through anomalies - in me AND the data. Thank you so much, Kristi! ","JillB@ruizfoods.com","Teamwork","Retail Sales","Approved","2024-07-16T07:00:00Z","2024-07-16T07:00:00Z","2024-07-23T18:08:54Z","Approved"
"IlacixemR@ruizfoods.com","DavidS@ruizfoods.com","Sales, Marketing and R&D have been collaborating on a new ""first-to-market"" Chipotle Chicken Tornado for Circle K to launch nationally next year.

Ila developed an incredible new flavor for 2025 that Circle K approved on the first pass.  Not only does the customer love it - but it delivers a NVCM well above the Tornados average.  That's what I call a real win/win!  

Thank you, Ila!
","BrianS@ruizfoods.com","Innovation","R&D","Approved","2024-07-14T07:00:00Z","2024-07-15T07:00:00Z","2024-07-22T13:19:01Z","Approved"
"MariaTr@ruizfoods.com","DavidS@ruizfoods.com","Blacksmith/Telus was going to charge Ruiz Foods $2,400 to build two custom TPM reports. 1) Distributor Sales & Trade 2) Distributor Sales Contract vs Street that needed rebuilding.   Darlene asked Maria to take a stab at re-building these reports.  Maria was able to re-build the reports and saved the company $2400.  Thank you, Maria.  I appreciate your extra efforts to identify a solution and avoid a SOW from Blacksmith/Telus in the process.
","DarleneT@ruizfoods.com","Innovation","Finance","Approved","2024-07-13T07:00:00Z","2024-07-15T07:00:00Z","2024-07-22T13:17:49Z","Approved"
"IgnacioA@ruizfoods.com","EdwardG@ruizfoods.com","Dinuba CA is in the midst of an excessive heat wave. Ignacio and his team have ensured all team members are protected from heat illness. The safety team continues to look after the physical protection and well-being of others, eliminating dangers and following appropriate safe work practices.","GalenS@ruizfoods.com","Safety","Safety","Approved","2024-07-12T07:00:00Z","2024-07-12T07:00:00Z","2024-07-19T21:39:17Z","Approved"
"AmnaH@ruizfoods.com","ChandaW@ruizfoods.com","Amna - the presentation you gave breaking down the P&L was honestly, one of the best presentations I've ever been to. It was very clear that you spent a lot of time preparing and really considering your audience and the goal of the presentation. It was one of the best hours (out of many) I've spent on increasing my financial intelligence this year (one of my 2024 goals.) I would listen to you speak on anything that inspires you so save me a seat if you've got any other subjects on your heart. Thank you so much for taking the time - it's clear you invested a great deal into the final product and I appreciate it beyond measure.  ","EricCo@ruizfoods.com","Innovation","Finance","Approved","2024-07-11T07:00:00Z","2024-07-11T07:00:00Z","2024-07-18T23:08:55Z","Approved"
"WilliamS@ruizfoods.com","TonyD@ruizfoods.com","I'd like to recognize Bryan for his exceptional work over the past nine months. Bryan consistently delivered high-quality work on property tax filings and South Carolina cash refund requests, meeting deadlines with minimal revisions required. His teamwork skills were instrumental in navigating a compressed timeline. He effectively collaborated with others to ensure all tasks were completed on time. Additionally, Bryan's diligence on treasury functions significantly smoothened the transition from Dinuba to Frisco. His dedication and expertise are truly appreciated.","TonyD@ruizfoods.com","Quality","Finance","Approved","2024-07-09T07:00:00Z","2024-07-09T07:00:00Z","2024-07-16T20:43:16Z","Approved"
"ZairaT@ruizfoods.com","KevinL@ruizfoods.com","Zaira has taken the reins of CS in the NER Retail sales region.  She has been extremely responsive and communicative.   She also is engaged with our customers.   I would like to acknowledge her efforts, positive attitude and overall job well done!

Thank you ""Z"".","RaeAnnF@ruizfoods.com","Teamwork","Customer Service","Approved","2024-07-02T07:00:00Z","2024-07-02T07:00:00Z","2024-07-09T15:19:53Z","Approved"
"DavidV2@ruizfoods.com","EdwardG@ruizfoods.com","David works with others to accomplish goals and objectives, leverage and incorporate ideas of all team members, recognize others for their contributions, involve team members in planning and decision-making, willingly negotiate, resolve conflicts, and reach agreements. He finds the ""win/win” situations. We are grateful for David's contributions.","GeoffF@ruizfoods.com","Teamwork","Operations","Approved","2024-07-01T07:00:00Z","2024-07-01T07:00:00Z","2024-07-08T14:14:09Z","Approved"
"CarlyH@ruizfoods.com","SandraD@ruizfoods.com","This shout-out is for Carly Hambleton. She does a great job of supporting the Commercial Team and on Tuesday, June 25, put on a cape, gloves, and hairnet to save the day. Each quarter Ruiz hosts a New Team Member Welcome lunch which aims to share more about our unique culture, brands and go-to-market approach and give team members an opportunity to taste our delicious products. When faced with resource constraints, Carly leaped into action. She put on a hairnet and gloves and began to prep, cook plate and a variety of Retail and Foodservice products. The presenters received accolades for a great meeting but the true behind the scenes hero is Carly. Thank you for always willing to help and being an awesome team player! ","JesseS@ruizfoods.com","Teamwork","Executive","Approved","2024-06-28T07:00:00Z","2024-06-28T07:00:00Z","2024-07-05T17:44:58Z","Approved"
"LatitiaE@ruizfoods.com","JenniferJ@ruizfoods.com","Thank you for your dedication to '25 planning and reworking scenarios for Kroger.   You've taken on the extra requests with grace and I value your input.","FrankJ@ruizfoods.com","Teamwork","Operations","Approved","2024-06-27T07:00:00Z","2024-06-27T07:00:00Z","2024-07-04T15:02:26Z","Approved"
"AdamN@ruizfoods.com","DavidS@ruizfoods.com","Adam has worked overtime to meet the needs of the Foodservice BU Team in his new role in Finance - especially over the past several weeks.  We've recently worked together on a few large, time-sensitive projects (development of new sales scorecards, F25 ABP planning).  Adam continues to impress me with his willingness to partner with the FS Sales Team and is going above and beyond to support our team.  We are thankful for Adam's contributions and appreciate his ""can do"" attitude.","MatthewHu@ruizfoods.com","Teamwork","Finance","Approved","2024-06-25T07:00:00Z","2024-06-25T07:00:00Z","2024-07-02T20:05:56Z","Approved"
"ConnorF@ruizfoods.com","DavidS@ruizfoods.com","Shout-out to Connor Finch in Customer Service for all of his hard work behind the scenes as we continue to work our way through recent export-related challenges.  Connor has done a fantastic job collaborating with Kavitha Harrington (sales) and Canadian brokers, C-Store retailers and distributors (i.e. 7-Eleven, Circle K) to keep the lines of communication flowing over the past few weeks.  Connor is a newer member of the Ruiz Team in Frisco but has already demonstrated a unique ability to successfully navigate his way through difficult situations.  We appreciate you, Connor!","DonnaH@ruizfoods.com","Teamwork","Customer Service","Approved","2024-06-25T07:00:00Z","2024-06-25T07:00:00Z","2024-07-02T19:48:43Z","Approved"
"LaurieMo@ruizfoods.com","SandraD@ruizfoods.com","In a world where team members are juggling a lot daily to help the organization achieve its goals, it’s easy and common for something to fall through the cracks.  What’s admirable about a recent situation is how Laurie took ownership and accountability and more importantly, took action to resolve it.  She didn’t point fingers at another team member, blame personal circumstances or become defensive. She simply owned it. Laurie has worked with Ruiz Foods for 22 years and exudes the highest level of professionalism. Her honesty was simply refreshing and for me demonstrates integrity in its simplest and purest form. Laurie, thank you for being you!","KavithaH@ruizfoods.com","Integrity","Sales","Approved","2024-06-24T07:00:00Z","2024-06-24T07:00:00Z","2024-07-01T18:46:39Z","Approved"
"MarioD@ruizfoods.com","KristalC@ruizfoods.com","Mario has gone above and beyond to help us reduce our Walmart fines and fees. He proactively pulls reports and pictures out of Retail Link and connects with other team members to find solutions (warehouse, packaging, etc.). Retail Sales greatly appreciates Mario's partnership and problem solving approach to improve the business. Thank you! ","JeffT@ruizfoods.com","Teamwork","Shipping","Approved","2024-06-21T07:00:00Z","2024-06-21T07:00:00Z","2024-06-28T22:05:15Z","Approved"
"RobertH@ruizfoods.com","RichardB2@ruizfoods.com","Robbie took the initiative to get the automatic oilers going and keeping them going on the westside Bakeries 4&5. He showed ownership of this without being told or assigned this project. This has been an ongoing issue that can know be put behind us. This will help give longevity to the slat belts.","RichardB2@ruizfoods.com","Quality","Maintenance","Approved","2024-06-20T07:00:00Z","2024-06-20T07:00:00Z","2024-06-27T13:06:55Z","Approved"
"DaveWa@ruizfoods.com","JaromW@ruizfoods.com","Several members of my team had a cordial disagreement last week, in which they debated the right way forward in a specific situation. Afterward, Dave reached out to me to express confidence in the team member with whom he had disagreed. He wrote a long email praising the other team member's work. This was a great example of collaboration: We don't always need to agree, but we do need to be respectful and considerate. Way to go, Dave! ","ChristinaB@ruizfoods.com","Teamwork","Marketing","Approved","2024-06-17T07:00:00Z","2024-06-17T07:00:00Z","2024-06-24T22:47:28Z","Approved"
"HeatherB@ruizfoods.com","ChandaW@ruizfoods.com","Heather and I set up a new vendor with very particular payment terms contractually established. When payment became difficult as a result of our own system limitations, Heather immediately jumped in to help find a solution. In addition to exploring other options, she kept me informed of what options she thought we had, what the next steps were, and how long she thought it all might take. She was innovative in her thinking, tireless in her effort and attention, and a pleasure to work with from start to finish. Heather made me feel like we had a problem to solve together. I never once felt like I had a problem on my own that I was hoping someone would help me with. She kept an eye on the issue as it evolved and didn't let up until we had an immediate solution and an action plan going forward. Thank you so much, Heather! ","BillW@ruizfoods.com","Teamwork","Finance","Approved","2024-06-12T07:00:00Z","2024-06-12T07:00:00Z","2024-06-19T18:21:21Z","Approved"
"VangieE@ruizfoods.com","ChandaW@ruizfoods.com","There were some system limitations meeting payment requirements for a new vendor and getting them paid became a matter of urgency. Vangie jumped in and helped get a resolution within hours instead of days or weeks. Thanks to her singular focus on a solution for the immediate challenge and going forward, the account was made whole within 24 hours of her involvement and the critical service they provide us will continue uninterrupted. Thanks for making this a priority, Vangie! ","BillW@ruizfoods.com","Teamwork","Finance","Approved","2024-06-12T07:00:00Z","2024-06-12T07:00:00Z","2024-06-19T18:20:40Z","Approved"
"AliciaL@ruizfoods.com","RicardoA@ruizfoods.com","Throughout my time at Ruiz, anytime I had a question or needed help, I could always count on Alicia for guidance.  I wouldn't be surprised if others felt the same.  If you'd ask her, she'd say she was just doing her job and I have nothing but respect for her and it's been a privilege working together. ","SofiaC@ruizfoods.com","Respect","Finance","Approved","2024-06-12T07:00:00Z","2024-06-12T07:00:00Z","2024-06-19T15:59:14Z","Approved"
"KyndraB@ruizfoods.com","SofiaC@ruizfoods.com","Kyndra has been a great support in helping Fixed Assets improve processes by creating Power Queries to track capital spend cashflow and projects. Her M3 knowledge of the requisition and AP processes makes her a key TM that most of us reach out to when needing to troubleshoot issues. She demonstrates core values on a daily basis of innovation, teamwork and integrity.","ShannonM@ruizfoods.com","Innovation","Finance","Approved","2024-06-11T07:00:00Z","2024-06-11T07:00:00Z","2024-06-18T17:30:30Z","Approved"
"MichaelWCONSULT@ruizfoods.com","ClarkW@ruizfoods.com","Michael is really a pleasure to work with.  He was really patient as my laptop has been giving us ""fits"" for a while.  Thanks for always being available to fox a problem with great customer service.","MichaelW@Ruizfoods.com","Respect","Information Technology","Approved","2024-06-07T07:00:00Z","2024-06-07T07:00:00Z","2024-06-14T17:21:30Z","Approved"
"JustineM@ruizfoods.com","ClarkW@ruizfoods.com","Justine has been a valued part of getting the Maintenance Training Program aligned with Plant Directors and getting the training paid for.  She has also done a great job of aligning with Galen Sienicki and Safety to get us to a final set of three entities we are considering for organization-wide training.  ","ChristinaJ@ruizfoods.com","Teamwork","Human Resources","Approved","2024-06-05T07:00:00Z","2024-06-05T07:00:00Z","2024-06-12T17:52:30Z","Approved"
"RussellSw@ruizfoods.com","MitchM@ruizfoods.com","Russell is responsive and seeks out solutions to problems.  He has a great sense of urgency, ownership, and commitment to resolve the issue.  He looks for solutions that are best for the customer and the company.  We appreciate working with him and his team.","JeffT@ruizfoods.com","Teamwork","Purchasing","Approved","2024-06-05T07:00:00Z","2024-06-05T07:00:00Z","2024-06-12T17:32:57Z","Approved"
"HeatherB@ruizfoods.com","EdwardG@ruizfoods.com","Heather and her team develop and maintain effective working relationships with other teams and individuals. The team under her leadership have been very responsive to support request associated with our Dinuba Recovery efforts. ","BillW@ruizfoods.com","Teamwork","Finance","Approved","2024-06-04T07:00:00Z","2024-06-04T07:00:00Z","2024-06-11T14:55:00Z","Approved"
"MarioD@ruizfoods.com","ChandaW@ruizfoods.com","Mario has been working a solution for shifted pallets going to Sam's Club and when another load rejected today, he immediately reached out to the warehouse and worked through an action plan. Going even further above and beyond, he put a system in place to document the process change going forward and collaborated with procurement to consider a change to the master case that will, at minimum, increase our success at reducing shifted pallets during delivery. Thanks so much, Mario! Your willingness to jump in and help with this impressed all involved - including the Sam's buyer. Thank you for helping us deliver a quality service experience to an important customer!","GeoffF@ruizfoods.com","Innovation","Shipping","Approved","2024-05-23T07:00:00Z","2024-05-23T07:00:00Z","2024-05-30T21:45:19Z","Approved"
"ChristineH@ruizfoods.com","ChandaW@ruizfoods.com","As I am in back-to-back meetings for the final three weeks of May, Christine has been covering for my unavailability. When we had to problem with a rejected load at Sam's Club, she notified me right away but took the initiative to escalate the issue to the logistics and transportation teams and work with the buyer to get a replacement PO in the works as soon as possible. This is a highly sensitive issue for the buyer so Christine's quick response was paramount to both the solution and the relationship. Thank you, Christine! Your quick attention continues to support our efforts at Sam's Club! ","RaeAnnF@ruizfoods.com","Teamwork","Finance","Approved","2024-05-23T07:00:00Z","2024-05-23T07:00:00Z","2024-05-30T21:45:10Z","Approved"
"RaeAnnF@ruizfoods.com","ChandaW@ruizfoods.com","After a rejected load at Sam's Club this morning, Rae Ann immediately got to work collaborating with the logistics and transportation teams on a process change to fix the core issue. My meeting schedule is making my availability sporadic so her quick involvement made the conversation with the buyer regarding a solution collaborative and positive despite the difficulty. Thanks so much for the support Rae Ann - both to me personally and to the customer. Your willingness to jump in and drive a solution made all the difference on all fronts today.","BillW@ruizfoods.com","Teamwork","Finance","Approved","2024-05-23T07:00:00Z","2024-05-23T07:00:00Z","2024-05-30T21:44:59Z","Approved"
"CaseyB@ruizfoods.com","EdwardG@ruizfoods.com","Casey led our Dinuba team through the lunch and learn on proper Purchase Order creation. During the discussion different possible approaches, analyzing the strengths, weaknesses, and challenges which led to key learnings. This will help ensure we deliver on our P2P key improvements. 
","KevinKe@ruizfoods.com","Innovation","Finance","Approved","2024-05-23T07:00:00Z","2024-05-23T07:00:00Z","2024-05-30T20:21:35Z","Approved"
"DanielleN@ruizfoods.com","JesseS@ruizfoods.com","Danielle was terrific in planning for our May meeting of the Board of Directors, and hosting our Board members. Everything went smoothly, and I overheard several Board members mention how much they appreciated Danielle's efforts. ","KimberliC@ruizfoods.com","Quality","Executive Admin","Approved","2024-05-19T07:00:00Z","2024-05-20T07:00:00Z","2024-05-27T17:30:20Z","Approved"
"RogerM@ruizfoods.com","JasonR@ruizfoods.com","August of last year Roger excepted a newly created role in Maintenance.  This role was a full-time lubrication role that has grown into the basis of our PDM Team (Predictive maintenance) .  Roger's success in this role modeled the shift in Maintenance Paradym from Focus on Emergency work to a planned set of actions that deliver a much more consistent manufacturing environment.

Roger's true ownership and growth in this role is one of the many success stories that is changing Denison's performance for the long term.","MitchM@ruizfoods.com","Innovation","Maintenance","Approved","2024-05-17T07:00:00Z","2024-05-17T07:00:00Z","2024-05-24T15:05:34Z","Approved"
"RosaA@ruizfoods.com","EdwardG@ruizfoods.com","Team members need someone they can go to for help and guidance, who provides performance feedback, and communicates company values and directives. Rosa is that supervisor who understand and value diversity in all aspects of human interaction and appreciate differences in others. Her team recently provided very positive feedback on her ability to actively listen and remove obstacles exceeding expectations.","LydiaR@ruizfoods.com","Respect","Operations","Approved","2024-05-16T07:00:00Z","2024-05-16T07:00:00Z","2024-05-23T15:03:53Z","Approved"
"SandraD@ruizfoods.com","ChristinaJ@ruizfoods.com","Sandie has a passion for food and making a difference for the organization. At an event she found an opportunity to bring team members together for networking and development. She is intelligent, creative, and I appreciate her and respect her for going above and beyond her role in marketing by creating something substantial organizationally. Thank you Sandie for all that you do not only in your scope but outside your scope for people development.","JesseS@ruizfoods.com","Teamwork","Marketing","Approved","2024-05-16T07:00:00Z","2024-05-16T07:00:00Z","2024-05-23T15:03:30Z","Approved"
"MaribelO@ruizfoods.com","EdwardG@ruizfoods.com","Our sanitation team shift ends before the start of employee sales. Maribel found a “win/win” solution without generating any additional costs. Now the sanitation is able to participate in employee sales.","EdwardG@ruizfoods.com","Teamwork","Operations","Approved","2024-05-16T07:00:00Z","2024-05-16T07:00:00Z","2024-05-23T14:52:28Z","Approved"
"ChristineH@ruizfoods.com","ChandaW@ruizfoods.com","We had an order refused at the Sam's DC that services the greatest number of clubs we supply and since they receive product only every two weeks, this was certainly not ideal. Christine began working on a replacement right away and had she had a more timely response from the Sam's buyer, they would have had the product today. As it is, they will get it 5/11 - only three days past the original date they should have received the product. Christine's quick action and persistence in getting what she needed from Sam's made this rejected load nothing to even talk about. If they had to wait for the next order day/delivery day, we would certainly have had out-of-stocks at our largest subsection of clubs. Thank you for really leaning in and getting this resolved quickly, Christine! ","RaeAnnF@ruizfoods.com","Teamwork","Finance","Approved","2024-05-10T07:00:00Z","2024-05-10T07:00:00Z","2024-05-17T18:34:18Z","Approved"
"MatthewHu@ruizfoods.com","LatitiaE@ruizfoods.com","It was a pleasure to collaborate with Matt on delivering the NVCM$ impact on a Price Analysis report earlier this week. Appreciated his flexibility with the modifications requested and his efforts to deliver within the requested timeframe! Thank you, Matt, for going the extra mile and being an A-player.","OpalS@ruizfoods.com","Teamwork","Finance","Approved","2024-05-09T07:00:00Z","2024-05-09T07:00:00Z","2024-05-16T18:04:21Z","Approved"
"LuisJo@ruizfoods.com","ArtadokhtN@ruizfoods.com","Luis- Thank you for taking the time to teach me the scheduling and making Distribution orders. Your Guidance was invaluable, and I really appreciate your patience, expertise and teamwork skills.
","GeoffF@ruizfoods.com","Teamwork","Demand Planning","Approved","2024-05-01T07:00:00Z","2024-05-01T07:00:00Z","2024-05-08T18:58:49Z","Approved"
"BrianPe@ruizfoods.com","VictorD@ruizfoods.com","Team has demonstrated growth mindset, and never argues about tasks assigned to them. Team member has learned both cold and hot kitchen areas in processing department, Team member is always on time and does not miss work. Team member comes in to work when he is scheduled to be off. Team member helps other team members after finished with his assignments.","AbelM@ruizfoods.com","Teamwork","Quality Assurance","Approved","2024-05-01T07:00:00Z","2024-05-01T07:00:00Z","2024-05-08T15:22:35Z","Approved"
"AdamN@ruizfoods.com","LauraL@ruizfoods.com","Adam has been a fantastic resource for the Traditional Foodservice team in creating our Monthly Broker Reporting Tools.  His knowledge in creating the reports from scratch has been instrumental in having a tool that can be used by our FSV and Vending Brokers, as well as RF Management to understand markets in more detail.","OpalS@ruizfoods.com","Teamwork","Finance","Approved","2024-05-01T07:00:00Z","2024-05-01T07:00:00Z","2024-05-08T15:22:09Z","Approved"
"BradB@ruizfoods.com","JasonR@ruizfoods.com","Brad has worked to address many reliability issues in Denison.  Over recent weeks Brad has led the redesign of the line 3 launcher belt project.  Each change seemed to lead to cascade of next steps.  With guidance from his manager, Brad persevered and has delivered a significantly improved launcher that has addressed FO, performance and downtime issues.  ","MatthewF@ruizfoods.com","Innovation","Maintenance","Approved","2024-04-29T07:00:00Z","2024-04-29T07:00:00Z","2024-05-06T22:05:29Z","Approved"
"ZoribelA@ruizfoods.com","JasonR@ruizfoods.com","Zori was asked to step into the vacant MRO supervisor role at a time the department was in a really tough situation. In a short few weeks, Zori has worked with every department within the facility as well as countless vendors to get the situation back on track.  She has taken the lead to correct requisition and PO back logs while improving MRO KPI such as on time POs and stock outs.","JasonR@ruizfoods.com","Teamwork",,"Approved","2024-04-29T07:00:00Z","2024-04-29T21:43:09Z","2024-05-06T21:43:09Z","Approved"
"FranklinC@ruizfoods.com","ClarkW@ruizfoods.com","Franklin, thanks for being such a great business partner during last year and this year's H2B logistical moves.  I appreciate all you do.","JeffT@ruizfoods.com","Teamwork","Operation","Approved","2024-04-26T07:00:00Z","2024-04-26T07:00:00Z","2024-05-03T14:45:06Z","Approved"
"KelliG@ruizfoods.com","ClarkW@ruizfoods.com","Kelli,

Thanks for all you do in the Frisco office.  Everything from ordering office supplies, to helping multiple departments with any and everything, setting up events , keeping people's calendars and assigning office spaces.  Your ability to multi-task and change direction at the drop of the hat is a true asset to the organization.  We are fortunate to have you as part of the team.","ClarkW@ruizfoods.com","Teamwork","Human Resources","Approved","2024-04-26T07:00:00Z","2024-04-26T07:00:00Z","2024-05-03T14:44:50Z","Approved"
"DanielleN@ruizfoods.com","ClarkW@ruizfoods.com","Danielle, thanks for all you do.  Your ability to juggles things for OPCO members, the Frisco office and in general your ability to switch projects and make other things like meetings, the 60th Anniversary event in Frisco and multiple times I cannot even begin to list, I appreciate all you do.  You are a valued member of our team and we are fortunate to have you as a part of that.","KimberliC@ruizfoods.com","Teamwork","Executive Admin","Approved","2024-04-26T07:00:00Z","2024-04-26T07:00:00Z","2024-05-03T14:44:27Z","Approved"
"ThomasP@ruizfoods.com","EdwardG@ruizfoods.com","Thomas approachable to new methods to which improves level of results. He recently worked with the maintenance team and OEM in development of an inspection tool used to check a workpiece against its allowed tolerances. Completing this inspection will ensure no foreign objects make it into our product.  ","DavidPe@ruizfoods.com","Quality","Quality Assurance","Approved","2024-04-26T07:00:00Z","2024-04-26T07:00:00Z","2024-05-03T14:44:02Z","Approved"
"VictorS@ruizfoods.com","SherylR@ruizfoods.com","Just wanted to take a moment to thank Victor for taking time out of his busy schedule to take me on a tour of the Dinuba plant last week!  He was so knowledgeable and kind!  I appreciate you and all you do!!","EdwardG@ruizfoods.com","Teamwork","Operations","Approved","2024-04-24T07:00:00Z","2024-04-24T07:00:00Z","2024-05-01T19:09:31Z","Approved"
"LourdezH@ruizfoods.com","DonnaH@ruizfoods.com","I would like to take a moment to express my heartfelt gratitude to Lourdez for the exceptional training she has provided me with. Her comprehensive approach and dedication have been truly invaluable in preparing me to take over her position seamlessly. I am incredibly grateful for her guidance and support throughout this transition, which will undoubtedly contribute to my success.","LisaP@ruizfoods.com","Teamwork","Customer Service","Approved","2024-04-22T07:00:00Z","2024-04-22T07:00:00Z","2024-04-29T13:42:38Z","Approved"
"BenedictH@ruizfoods.com","EdwardG@ruizfoods.com","Ben was able to figure out how to deliver on a request from external forensic auditors. He was able to apply a new approach to problem solving and logically identify where the data requested resided. This ensured payment to Ruiz Foods while the external audit team-maintained confidence with Ruiz Foods.","CaseyB@ruizfoods.com","Innovation","Finance","Approved","2024-04-18T07:00:00Z","2024-04-18T07:00:00Z","2024-04-25T22:58:34Z","Approved"
"MaribelO@ruizfoods.com","EdwardG@ruizfoods.com","Maribel ensures consistency between words and actions. A commitment has been made to Dinuba and Tulare team members to provide employee sales on the 3rd Thursday of every month. Maribel was able to find a workable solution to hold employee sales in an alternate location due to our paving project.","EdwardG@ruizfoods.com","Integrity","Operations","Approved","2024-04-18T07:00:00Z","2024-04-18T07:00:00Z","2024-04-25T22:57:14Z","Approved"
"RubyH@ruizfoods.com","GeorgeWe@ruizfoods.com","I want to give a shout out to Ruby Hernandez. Since my first day she has always been very helpful and on point. Most recently I've needed samples with a quick turn around time and she was able to accommodate. Thank you Ruby! Appreciate you!","JuanitaM@ruizfoods.com","Teamwork","Sales","Approved","2024-04-18T07:00:00Z","2024-04-18T07:00:00Z","2024-04-25T20:12:45Z","Approved"
"SeanA@ruizfoods.com","FrankJ@ruizfoods.com","Sean Anderson continues to have a positive impact on the group that he helps support, regardless of how much time it takes. While there are many examples of this, a current example is that when Nha Her was out on Paternity leave, Sean stepped up and was able to work through challenges with a complex program that generates the Retail Sales Scorecards, all while not missing a beat with his support of the East Retail sales group.

Keep up the great work Sean.","LatitiaE@ruizfoods.com","Teamwork","Retail Sales","Approved","2024-04-08T07:00:00Z","2024-04-08T07:00:00Z","2024-04-15T18:43:14Z","Approved"
"DaltonM@ruizfoods.com","GeoffF@ruizfoods.com","As our trusted and skilled IT BA, he is our guide for all things planning systems as well as Optiva and the plants/whse. Most days you can plan your work and then there are days like this week for Dalton.    Go Live on site in Vernon, Forecast System Halt, Daily Plan crash, vendor tech support out of  - all within 24 hours.   Dalton remained calm, worked with his customers to prioritize the crises, and then diligently tackled them all before it created any major issues.  Whew - like a pro.","ValerieK@ruizfoods.com","Teamwork","Information Technology","Approved","2024-04-06T07:00:00Z","2024-04-06T07:00:00Z","2024-04-13T14:32:22Z","Approved"
"SarahC@ruizfoods.com","JesseS@ruizfoods.com","Sarah has been very flexible as the Customer Relations team has gone through a lot of changes. She has been willing to step up and take on more responsibility, making sure that our Retail customers always get great customer service.","JanieI@ruizfoods.com","Teamwork","Customer Service","Approved","2024-04-05T07:00:00Z","2024-04-05T07:00:00Z","2024-04-12T22:11:04Z","Approved"
"KristiD@ruizfoods.com","KevinMu@ruizfoods.com","I'd like to recognize the entire West Region Retail Sales Team.
As a team, they have delivered improved sales metrics in the follow areas: Forecast accuracy, ACV Display, Funds Administration, 20/20 report (MEI), Big Bet execution.
They support each other and are always willing to help each other when it is needed. They lean on each other, when one region needs support to deliver a volume number for the month.
They collaborate to share best practices when opportunities arise or problems occur.
They are a solid group of people, who are all a pleasure to work alongside.
It is with great pleasure that I get the opportunity to acknowledge the West Retail Team for everything they do for our customers and Ruiz Foods. ","KevinMu@ruizfoods.com","Teamwork","Retail Sales","Approved","2024-03-30T07:00:00Z","2024-04-01T07:00:00Z","2024-04-08T13:27:14Z","Approved"
"MichelleS@ruizfoods.com","KevinKe@ruizfoods.com","Michelle has been a loyal, diligent and hardworking accountant for our Denison Plant. Throughout the struggle to fill the Plant Controller position, Michelle has made every effort to keep up the financial tasks, especially in closing the books each period and working to get vendors paid. She does it all with a cheerful and positive attitude. We are all very grateful for her many efforts to keep Denison Finance up and running !","KevinKe@ruizfoods.com","Teamwork","Finance","Approved","2024-04-01T07:00:00Z","2024-04-01T07:00:00Z","2024-04-08T13:27:00Z","Approved"
"MatthewF@ruizfoods.com","MitchM@ruizfoods.com","Matt joined the Ruiz Foods Denison Plant in October Pd 1.  In his short time at the plant, Important KPI's have gone up.  Total machine availability from 66% to 73%.  Total OEE from 55% to 63%.  Schedule Attainment from 84% to 88%.  Matt is strategic in his thought process and has spent most of his time interacting and teaching at the supervisor, lead, and tech level.  He is currently working with his team on the entire planning and MRO cycle to increase PM compliance, lower MTTR, and lower maintenance breakdown response time.  Matt is a demanding, but fair leader that listens to his team and gives praise on individual and team performance.  Matt understands the big picture and knows his customers.  I appreciate his teamwork with peers and other support functions to move our plant in a positive direction.","JasonR@ruizfoods.com","Teamwork","Maintenance","Approved","2024-03-28T07:00:00Z","2024-03-28T07:00:00Z","2024-04-04T16:52:49Z","Approved"
"ChristinaB@ruizfoods.com","JaromW@ruizfoods.com","Christina proactively led the development of and alignment to a new process for approving RTL project prioritization that kicked off recently with an outstanding, collaborative discussion between R&D, Sales, and RTL Mktg. Great work and leadership, Christina! ","JaromW@ruizfoods.com","Teamwork","Marketing","Approved","2024-03-28T07:00:00Z","2024-03-28T07:00:00Z","2024-04-04T14:27:50Z","Approved"
"GabrielZ@ruizfoods.com","RemoI@ruizfoods.com","Gabriel and Zaira have teamed up and seamlessly handled all Costco regional buyers' orders.  I have been monitoring all the back-and-forth communications between the customer and our team, and I have been so impressed with the professionalism of both Gabe and Zaira.  They continue to support each other's efforts and ultimately, they take care of our customer's needs and requests.  When an order change is not feasible, they gracefully explain the details to the buyers and maintain our position.  Great teamwork Gabe and Zaira.  ","JanieI@ruizfoods.com","Teamwork","Customer Service","Approved","2024-03-27T07:00:00Z","2024-03-27T07:00:00Z","2024-04-03T20:26:57Z","Approved"
"BenedictH@ruizfoods.com","KevinMcG@ruizfoods.com","Meet Ben Her.  Ben is an unsung hero on the Manufacturing Finance Team based in Dinuba.  Not only does Ben have the coolest name (Ben-Hur), but he is also a humble ‘rock star’ who drives value in the decision-making process from the QBR down to daily plant performance.  Ben’s core competency is taking depm, M3, BI tools, UKG output, etc., to create dynamic Excel-based financial models and charts that empower Senior Management for action.  I give Praise to and for Ben.  He truly does add value for all of us.  Ben. I salute you.  ","KevinMcG@ruizfoods.com","Teamwork","Finance","Approved","2024-03-26T07:00:00Z","2024-03-26T07:00:00Z","2024-04-02T14:58:30Z","Approved"
"IsauroV@ruizfoods.com","EdwardG@ruizfoods.com","As Dinuba moved forward with employees sales on the 3rd Thursday of every month the team experienced Wi-Fi strength issues with scanners. Isauro took the initiative to install a new exterior industrial wireless access point. This past Thursday March 21st employees sales was executed with no issues as the industrial access point solved the connection problem. ","SalG@ruizfoods.com","Teamwork","Information Technology","Approved","2024-03-25T07:00:00Z","2024-03-26T07:00:00Z","2024-04-02T14:17:44Z","Approved"
"SalR@ruizfoods.com","EdwardG@ruizfoods.com","Sal has been instrumental in Dinuba completing the first year of enrollment in the Strategic Energy Management (SEM) program through utility supplier PG&E. As a results of the energy savings projects, Ruiz Foods has been presented an incentive check in the amount of $20,907.70.","JoeK@ruizfoods.com","Innovation","Maintenance","Approved","2024-03-25T07:00:00Z","2024-03-26T07:00:00Z","2024-04-02T14:17:28Z","Approved"
"KristaM@ruizfoods.com","KimberliC@ruizfoods.com","Krista always goes above and beyond to take care of the team in Florence.  She embraces the core values of teamwork and respect and really makes the team members feel valued and special.  Thank you, Krista!!","JohnS@ruizfoods.com","Teamwork","Operations","Approved","2024-03-22T07:00:00Z","2024-03-22T07:00:00Z","2024-03-29T14:20:39Z","Approved"
"OpalS@ruizfoods.com","JesseS@ruizfoods.com","Pi Day at the Frisco office was a huge success! Thank you for doing all the set up work to make it easy for everyone to participate. When we have fun together, we become more of a team. ","EricCo@ruizfoods.com","Teamwork","Finance","Approved","2024-03-22T07:00:00Z","2024-03-22T07:00:00Z","2024-03-29T13:46:28Z","Approved"
"MarioD@ruizfoods.com","ChandaW@ruizfoods.com","Mario is very busy and in high demand but when I asked him to help me compile updates on some product transport improvements he didn't send me just the couple bullet points I was hoping I could get. He almost immediately sent me a detailed email with the actions taken, the results, a detailed report attached for more information, and pictures in support. It was an update-palooza and I couldn't be more grateful. Mario, I appreciate the time you spent to provide me with your clear action steps and the measurable results we could share with leadership. Thank you! ","GeoffF@ruizfoods.com","Teamwork","Shipping","Approved","2024-03-06T08:00:00Z","2024-03-06T08:00:00Z","2024-03-13T20:37:12Z","Approved"
"MahimaS@ruizfoods.com","RuthL@ruizfoods.com","Mahima had a really great catch on updates made recently to the El Monterey site, where she caught a duplication that the rest of us had not realized yet - so this potentially saved internal & consumer confusion down the road. Thanks Mahima!","CallieW@ruizfoods.com","Teamwork","Sales","Approved","2024-03-06T08:00:00Z","2024-03-06T08:00:00Z","2024-03-13T20:00:29Z","Approved"
"DanielleN@ruizfoods.com","ChristinaJ@ruizfoods.com","Danielle did an excellent job in planning the SALSA and LEAD graduation dinner.  Her efforts were evident in all the details of the evening and were above and beyond what was expected. I also worked with Danielle on establishing the Master Calendar and was impressed with her record keeping of all the organizational meetings and events. She is personable, energetic, and is great to collaborate with for events like our recent graduation. ","KimberliC@ruizfoods.com","Quality","Executive Admin","Approved","2024-03-06T08:00:00Z","2024-03-06T08:00:00Z","2024-03-13T18:51:46Z","Approved"
"SachinC@ruizfoods.com","GinaF@ruizfoods.com","A huge “Thank you” goes to Sachin for the fantastic negotiating skills he employed to secure the best price on the XRF, Xray Fluorescence detectors, which will be used at each of our manufacturing plants.  While I had previously requested the “best price” from the supplier, Sachin managed to secure added savings totaling nearly 30%. Sachin, glad you are on the Ruiz Team!","RussellSw@ruizfoods.com","Teamwork","Purchasing","Approved","2024-03-06T08:00:00Z","2024-03-06T08:00:00Z","2024-03-13T18:29:06Z","Approved"
"SidneyH@ruizfoods.com","BrianH@ruizfoods.com","Sidney is a valuable asset to the team on Swing. Thank you for assisting the team with breakdowns, senses, and work request. You are knowledgeable of what the needs are for the areas and always eager to answer and pitch in where you need to. Your team responds well to your leadership abilities and you re respected greatly. I am glad that you are a part of the team. Continue being the team player that you are. Thank you again!","RoderickD@ruizfoods.com","Teamwork","Maintenance","Approved","2024-03-01T08:00:00Z","2024-03-01T08:00:00Z","2024-03-08T14:27:04Z","Approved"
"FranklinC@ruizfoods.com","BrianH@ruizfoods.com","Frank! I really appreciate the collaboration that we have. Thanks  for always speaking in ""WE"" versus ""I."" You are a true team player and a great asset to the Florence facility. I look to you for guidance when it comes to warehouse operations and processes. You have a devoted team on swing that my team is happy to work with. Keep driving results as we get better and better. Thanks again for all that you do!","JeffT@ruizfoods.com","Teamwork","Operation","Approved","2024-02-23T08:00:00Z","2024-02-23T08:00:00Z","2024-03-01T16:41:53Z","Approved"
"KelliG@ruizfoods.com","ClarkW@ruizfoods.com","Kelli,

You have been here for seven weeks now.  You continue to take on more and more responsibility by working with multiple departments and making a positive impact every day.  We are fortunate to have you.

GREAT JOB!!!","ClarkW@ruizfoods.com","Teamwork","Human Resources","Approved","2024-02-19T08:00:00Z","2024-02-19T08:00:00Z","2024-02-26T15:44:50Z","Approved"
"RichardHol@ruizfoods.com","FrancesPr@ruizfoods.com","Thank you for going the extra mile and taking care of all 4 bakeries while I was on vacation.
It is great to know I have a Teammate I can relay on. Great job BIG DADDY! ","AdrianaA@ruizfoods.com","Teamwork","Bakery","Approved","2024-02-16T08:00:00Z","2024-02-16T08:00:00Z","2024-02-23T02:26:02Z","Approved"
"ClarkW@ruizfoods.com","BrianH@ruizfoods.com","Clark, thank you for adding value to our team with assisting with the various trainings. You bring a ton of insight with the processes that are sometimes hard to grasp. We appreciate your efforts to invest in our people here at the Florence Facility. Thank you so much for being a listening ear whenever there is a cause for concern. You help when needed, listen and always respond with what is right, moral and just. You are always being fair and consistent. Appreciate the value added into the interaction with the TMs that had some concern today while you were here. You are always willing to assist in some of the difficult investigations that we have had and offer some of the best advice. One thing that I have learned from you is how to take these investigations and have those one way conversations that usually lead to less confusion and more camaraderie with the team. Clark, You are appreciated very much and we can not thank you enough.","TonyC@ruizfoods.com","Respect","Human Resources","Approved","2024-02-15T08:00:00Z","2024-02-15T08:00:00Z","2024-02-22T03:31:59Z","Approved"
"KelliG@ruizfoods.com","JesseS@ruizfoods.com","Kelli is the face of the company to anyone who walks in the door of the Frisco office, and she does such a great representing our values. She's friendly, respectful, and helpful. Thanks for being you, Kelli!","ClarkW@ruizfoods.com","None of These","Human Resources","Approved","2024-02-13T08:00:00Z","2024-02-13T08:00:00Z","2024-02-20T23:13:42Z","Approved"
"LauriLynnM@ruizfoods.com","ChandaW@ruizfoods.com","Lauri Lynn is up to her neck learning a new role, in a new company, with all new software and systems. Despite the stress and overwhelm of that, she has gone out of her way to collaborate with the Walmart team on ways we can best align the consensus process. Open discussions about how we can work together to do the best work we can as a team have been the theme of all of our discussions to date and we really appreciate it. Lauri Lynn, I know it's tough to balance ""how we've always done it"" with opportunities to get better as a team but you're navigating it beautifully. I look forward to continuing to collaborate with you and can't wait to celebrate what's sure to be great success as we align on a process that is good for the business and our own efficiency goals. ","MarkY@ruizfoods.com","Teamwork","Demand Planning","Approved","2024-02-08T08:00:00Z","2024-02-08T08:00:00Z","2024-02-15T14:37:49Z","Approved"
"ArielM@ruizfoods.com","ChandaW@ruizfoods.com","Walmart orders came in for shipping on a day we did not have available. Ariel notified the appropriate contacts in plenty of time to allow the team to gather a small crew to get those orders shipped on time to avoid on-time fines. His careful monitoring of the Walmart account and his quick response saved our company thousands of dollars in unnecessary fees. I could praise Ariel everyday for all the great work he does for this account so this is just one example of the myriads of ways he makes a positive impact. Thank you, Ariel! ","JanieI@ruizfoods.com","Teamwork","Customer Service","Approved","2024-02-08T08:00:00Z","2024-02-08T08:00:00Z","2024-02-15T14:36:42Z","Approved"
"CathyH@ruizfoods.com","LauraDa@ruizfoods.com","I would like to praise Cathy Haynes for always picking up the phone and talking to me when I have a question. Her quick response is so helpful to me. It gives me the ability to complete a project instead of placing it on hold until I get an answer. Thank you Cathy","TimL@ruizfoods.com","Teamwork","Sales","Approved","2024-02-01T08:00:00Z","2024-02-01T08:00:00Z","2024-02-08T18:11:54Z","Approved"
"MeghanF@ruizfoods.com","RuthL@ruizfoods.com","Over the course of the last year, I've been working with Meghan to bring together all the puzzle pieces needed to bring our new image storage system to life. Meghan is incredibly organized, approachable, and great at managing projects and timelines. She is a Ruiz Foods processes guru, and I look forward to working with her again!","ValerieK@ruizfoods.com","Teamwork","Information Technology","Approved","2024-01-31T08:00:00Z","2024-01-31T08:00:00Z","2024-02-07T17:30:10Z","Approved"
"JorgeV@ruizfoods.com","RuthL@ruizfoods.com","Throughout the past year, Jorge & I worked closely together to determine & implement the best solution for a new image storage system. From the beginning steps of figuring out our must-haves, to vendor selection & assessment, troubleshooting and implementation, Jorge has been instrumental every step of the way. Thanks Jorge!","SalG@ruizfoods.com","Teamwork","Information Technology","Approved","2024-01-31T08:00:00Z","2024-01-31T08:00:00Z","2024-02-07T17:14:44Z","Approved"
"MahimaS@ruizfoods.com","ThomasH@ruizfoods.com","The new Classic SS items were not on the Food Lion website so Mahima took the initiative to contact Food Lion and find the correct contact person...two days later the issue is resolved and the product images are on the Food Lion website","CallieW@ruizfoods.com","Teamwork","Sales","Approved","2024-01-19T08:00:00Z","2024-01-19T08:00:00Z","2024-01-26T21:48:01Z","Approved"
"KristiD@ruizfoods.com","JenniferJ@ruizfoods.com","Kristi helped me with an IRI issue, opened a ticket and resolved the issue quickly!  The report I'm using is now more user friendly.","JillB@ruizfoods.com","Teamwork","Retail Sales","Approved","2024-01-19T08:00:00Z","2024-01-19T08:00:00Z","2024-01-26T20:23:41Z","Approved"
"LatitiaE@ruizfoods.com","FrankJ@ruizfoods.com","Latitia's outstanding thought leadership and unwavering dedication make her an invaluable asset in supporting the retail sales team, consistently exceeding expectations.
","FrankJ@ruizfoods.com","Teamwork","Operations","Approved","2024-01-16T08:00:00Z","2024-01-16T08:00:00Z","2024-01-23T23:18:05Z","Approved"
"RuthL@ruizfoods.com","CallieW@ruizfoods.com","Ruth has worked over the last year to find a solution for image storage and accessibility that meets the needs of many. I really appreciate her partnership, expertise, and leadership to push the project to the finish line. Access to images is really close to my heart and I am so excited to have a new solution accessible to the Sales Team. Thank you Ruth for your unparalleled dedication to this project and its success! ","ChristinaB@ruizfoods.com","Teamwork","Marketing","Approved","2024-01-16T08:00:00Z","2024-01-16T08:00:00Z","2024-01-23T20:43:13Z","Approved"
"ChristinaJ@ruizfoods.com","JesseS@ruizfoods.com","Thank you for your leadership of the SALSA program. The unprecedented size of this year's class is evidence of the quality of the program and its positive effect on the participants. The ways you've modified the design of SALSA have made it more accessible and more impactful.","TonyC@ruizfoods.com","Innovation","Human Resources","Approved","2024-01-16T08:00:00Z","2024-01-16T08:00:00Z","2024-01-23T15:37:46Z","Approved"
"JustineM@ruizfoods.com","MelissaK@ruizfoods.com","I want to praise Justine for her amazing Lead Academy Program.  Through the program she provided intellectually stimulating and engaging course materials through articles and TED Talks, thus making the experience enjoyable and very informative.  The monthly discussions were well conducted and she made you feel comfortable voicing your opinions and concerns on the topic of the month without recourse.  She gave both mentors and mentees the necessary tools to help make the mentor program a success.  I cannot thank her enough for the Amazing journey over the last year and wish her continued success going into the future.  ","TonyC@ruizfoods.com","Innovation","Human Resources","Approved","2024-01-13T08:00:00Z","2024-01-13T08:00:00Z","2024-01-20T06:07:26Z","Approved"
"ZoribelA@ruizfoods.com","GrantT@ruizfoods.com","Zori  has had tremendous impact on improving Denison's raw material shelf life waste and been a prime example of how we can deliver results and solve problems by harnessing cross-team collaboration","RyanD@ruizfoods.com","Teamwork",,"Approved","2024-01-12T08:00:00Z","2024-01-12T15:15:16Z","2024-01-19T15:15:16Z","Approved"
"EmmanuelA@ruizfoods.com","GrantT@ruizfoods.com","Manny has had tremendous impact on improving Denison's raw material shelf life waste and been a prime example of how we can deliver results and solve problems by harnessing cross-team collaboration","AshleyR@ruizfoods.com","Teamwork","Quality Assurance","Approved","2024-01-12T08:00:00Z","2024-01-12T08:00:00Z","2024-01-19T15:11:17Z","Approved"
"MahimaS@ruizfoods.com","JenniferJ@ruizfoods.com","Mahima caught an image error on Kroger.com for 2 new items that just launched.   Great catch!","CallieW@ruizfoods.com","Integrity","Sales","Approved","2024-01-10T08:00:00Z","2024-01-10T08:00:00Z","2024-01-17T19:56:16Z","Approved"
"CallieW@ruizfoods.com","ChandaW@ruizfoods.com","Callie spent time putting together several thoughtful, well-researched options for an upcoming Walmart team meeting and market visit in the Kansas City area. Putting together an intentional agenda was much easier with a local perspective on stores to visit, venues for a team dinner, and clean, locationally convenient hotels. Thank you for the help, Callie! Having a clear plan and agenda ahead of time lends well to a focused, productive meeting and I'm looking forward to it. ","FrankJ@ruizfoods.com","Teamwork","Sales","Approved","2024-01-10T08:00:00Z","2024-01-10T08:00:00Z","2024-01-17T19:46:26Z","Approved"
"MeghanF@ruizfoods.com","CallieW@ruizfoods.com","Meghan is really awesome! She is easy going, informative, communicative and above everything, very kind. Meghan was incredibly helpful in recent contract negotiations and executions. Her knowledge and guidance was invaluable! Thanks Meghan for helping me get some new great resources locked in for 2024!","ValerieK@ruizfoods.com","Teamwork","Information Technology","Approved","2024-01-10T08:00:00Z","2024-01-10T08:00:00Z","2024-01-17T19:24:15Z","Approved"
"EtarrM@ruizfoods.com","JustineM@ruizfoods.com","We held a three-day training series in Dinuba January 3-5 for Dinuba, Tulare, and Vernon plant supervisors. Etarr was available and on-hand the entire week to help with any IT or equipment issues we had, and handled any problems quickly and efficiently to ensure we stayed on schedule. Thank you, Etarr!","IsauroV@ruizfoods.com","Teamwork","Information Technology","Approved","2024-01-08T08:00:00Z","2024-01-09T08:00:00Z","2024-01-16T00:21:14Z","Approved"
"KyndraB@ruizfoods.com","BillW@ruizfoods.com","Kyndra has done an outstanding job helping pull together fire insurance claim documents.  She has organized the documents in a way to make them easy to review and submit.  Her work has been above and beyond expectations.","ShannonM@ruizfoods.com","Quality","Finance","Approved","2023-12-21T08:00:00Z","2023-12-21T08:00:00Z","2023-12-28T14:04:32Z","Approved"
"KristaM@ruizfoods.com","BrianH@ruizfoods.com","What can I say about Krista? Krista, you go above and beyond your call of duty. The amount of tasks that you complete and never lose sight of the core values at Ruiz is beyond amazing. You coordinate so much for the team here as well as your contributions to the community. Thank you for always being you. Your presence is a ray of sunshine. I am not sure that I have ever seen you have a bad day... LOL! The partnership you have with the team is beyond anything that I could ever imagine. Although, I still think you need an assistant, you always make it work somehow. Krista, thank you again and may your Christmas season be filled with as much joy as the joy you share with us each and every day. You are AWESOME!","JohnS@ruizfoods.com","Respect","Operations","Approved","2023-12-20T08:00:00Z","2023-12-20T08:00:00Z","2023-12-27T12:03:57Z","Approved"
"VenteralM@ruizfoods.com","BrianH@ruizfoods.com","Vennie is always willing to help anywhere needed. Thank you for always keeping us safe and validating the need for safe practices within the facility. You always communicate effectively with the team. As a part of the swing shift team, you drive the word ""Safety"" through our passdown,  TM engagement on the floor, as well as keep us up to date with information that is needed from a safety standpoint. Thank you for always communicating when TMs are in the safety office and in need of attention regardless if they have notified their supervisor before hand. This always helps because sometimes we all get caught up in what we are doing at times. You are always striving to represent the core values that the company is founded upon and the swing shift team as well as myself would like to show you a little praise for all that you do! Thanks again.","JonathanH@ruizfoods.com","Safety","Safety","Approved","2023-12-20T08:00:00Z","2023-12-20T08:00:00Z","2023-12-27T12:03:16Z","Approved"
"AmnaH@ruizfoods.com","KimberliC@ruizfoods.com","I just want to extend a big thanks to Amna for coordinating our CASA Christmas giving for Grayson Co., TX.   It is wonderful to see Amna and many of our newer team members are living our values of respect for the community.  ","EricCo@ruizfoods.com","Respect","Finance","Approved","2023-12-19T08:00:00Z","2023-12-19T08:00:00Z","2023-12-26T22:39:36Z","Approved"
"CallieW@ruizfoods.com","ChandaW@ruizfoods.com","Being one of two people on the eComm team, Callie's calendar is FULL but she's always happy to drop everything to help me with eComm related questions. Twice yesterday she stopped what she was doing to help me answer questions, got me access to a tool to help me self-soothe in future, and then taught me how to navigate within that tool. All without an appointment and without complaint. Callie, I really appreciate your ongoing support in this new (to me) space. Thank you for being willing to share your time and knowledge so readily! ","FrankJ@ruizfoods.com","Teamwork","Sales","Approved","2023-12-13T08:00:00Z","2023-12-13T08:00:00Z","2023-12-20T17:23:07Z","Approved"
"JanieI@ruizfoods.com","ChandaW@ruizfoods.com","Janie is taking a very thoughtful approach to the changes in customer service and looking down the line to train new team members in a way that makes sense for the future needs of the company. She took a lot of time out of her day to collaborate with me on ways we can work together to optimize the workflow between myself and customer service in the future. I appreciate your time and expertise on this, Janie. We're fortunate to have you thinking about what makes sense and improving processes as we work through these changes. Thank you!","LisaP@ruizfoods.com","Integrity","Customer Service","Approved","2023-12-13T08:00:00Z","2023-12-13T08:00:00Z","2023-12-20T17:21:00Z","Approved"
"ArielM@ruizfoods.com","ChandaW@ruizfoods.com","Ariel spent a lot of time with me at the last minute in the middle of his day last week to help me get to the bottom of a Walmart challenge. I wasn't on his calendar and basically did what amounted to barging in his office and STILL he greeted me with kindness, a joke, and his bottomless expertise. He ran reports, dug through emails, and sifted through everything with me get to the answers. Ariel - you're invaluable to me. I love digging into a problem with you because I know you'll have great insight, it'll be a good time, and I'll learn more than just the answer to the question I brought. Thank you for everything you do for me and the whole Ruiz team!","JanieI@ruizfoods.com","Teamwork","Customer Service","Approved","2023-12-13T08:00:00Z","2023-12-13T08:00:00Z","2023-12-20T16:57:46Z","Approved"
"DanielleY@ruizfoods.com","ChandaW@ruizfoods.com","It's hard to believe that you haven't been part of the Ruiz team for years! Last week's sales team meeting was thoughtful, engaging, and very well organized. I know what a challenge it can be to organize such a large event over several days with that many bodies to herd but you made it look effortless. Thanks for everything you do for us and for creating such a great space for us to meet, collaborate, and connect. ","JesseS@ruizfoods.com","Teamwork","Sales","Approved","2023-12-13T08:00:00Z","2023-12-13T08:00:00Z","2023-12-20T16:56:30Z","Approved"
"SandraD@ruizfoods.com","ChandaW@ruizfoods.com","Last week's sales meeting was wonderful. Everything was very well organized and thoughtful. I appreciate how work intensive and overwhelming planning an event like that can be and you pulled it off beautifully. Thank you for everything you do the Ruiz team! ","JesseS@ruizfoods.com","Teamwork","Marketing","Approved","2023-12-13T08:00:00Z","2023-12-13T08:00:00Z","2023-12-20T16:56:15Z","Approved"
"TammieG@ruizfoods.com","BrianH@ruizfoods.com","Tammie, Thank you for the consistency and the partnership that you have with the team. When there is a question about the quality and the integrity of the products that we make on swing shift, there is never any questions about the observations that you make. Your auditors are traiined very well and held to the same standard as you. The team really appreciates the help that you provide as well to keep the processes in control. We are able to understand that your job, even though can be tough at times, you are always by the book and assist the teams in any way, shape, or form. Tammie, your ability to lead our teams in the right direction focusing on quality as well as the mentorship with the supervisors takes great effort on your part and all your hard work is appreciated. From me and the swing shift team, Thank you for your support!","RobertJ@ruizfoods.com","Quality","Quality Assurance","Approved","2023-12-09T08:00:00Z","2023-12-09T08:00:00Z","2023-12-16T06:45:13Z","Approved"
"AlexD@ruizfoods.com","GinaF@ruizfoods.com","This shout out goes to Alex Dalquist! She in collaboration with Procurement, R & D, Marketing, QA, and Operations is leading a key effort to transition our use of fresh chicken to a new format of IQF diced chicken. This change will impact food safety, operational efficiency, and overall quality of our products. Thank you, Alex, and team, for leading this effort. ","TammyTu@ruizfoods.com","Innovation","R&D","Approved",,"2023-12-05T16:52:31Z","2023-12-12T16:52:31Z","Approved"
"EnriqueF@ruizfoods.com","DavidV2@ruizfoods.com","A huge shoutout to Enrique Fuentes for consistently going above and beyond to support our department and help us meet our goals. His willingness to lend a hand and contribute is truly commendable. Thank you for your support!","EdwardG@ruizfoods.com","Teamwork","Operations","Approved",,"2023-12-04T22:44:34Z","2023-12-11T22:44:34Z","Approved"
"WendyT@ruizfoods.com","ThomasH@ruizfoods.com","Wendy discovered the 20/20 report was not using the correct MEI metric to forecast the sales increase from FY 23 to FY 24. This solved our gap to LY and saved us many hours of re-planning.","DanC@ruizfoods.com","Teamwork","Retail Sales","Approved","2023-11-29T08:00:00Z","2023-11-29T18:10:53Z","2023-12-06T18:10:53Z","Approved"
"DaltonM@ruizfoods.com","RafalW@ruizfoods.com","Big applause for Dalton! What an amazing person and professional! Since joining the company in September, Dalton has always been a great support to me and many other colleagues. If you're reading this, I doubt Dalton hasn't supported you at least once. As with all ERP systems/planning engines, glitches happen and Dalton is always able to fix them.

Dalton you deserve 5 stars! I really respect you, and your great attitude.  Now we just need to convince you to move to TX! 😁","ValerieK@ruizfoods.com","Quality","Information Technology","Approved","2023-11-29T08:00:00Z","2023-11-29T16:00:34Z","2023-12-06T16:00:34Z","Approved"
"BlancaJR@ruizfoods.com","KimberliC@ruizfoods.com","A big thanks to Blanca to coming to Frisco to train our new EA, Danielle.  Blanca always goes the extra mile to help our team members in any way she can and we appreciate all she does.","KimberliC@ruizfoods.com","Teamwork","Sales","Approved","2023-11-21T08:00:00Z","2023-11-21T21:15:54Z","2023-11-28T21:15:54Z","Approved"
"RichardHol@ruizfoods.com","AdrianaA@ruizfoods.com","Thank you to Richard for coming in on Sunday and drive the team to complete test runs on all bakeries and have a successful start up Monday. This is great leadership and team work. Continue to support your team and leading by example. Thank you Richard ","AdrianaA@ruizfoods.com","Teamwork","Bakery","Approved","2023-11-20T08:00:00Z","2023-11-20T20:43:34Z","2023-11-27T20:43:34Z","Approved"
"ChandaW@ruizfoods.com","JesseS@ruizfoods.com","Chanda has taken an active role helping HR design and maintain this Praise page, which provides all of us a great way to express our company values of Respect and Teamwork . Thanks for being such a great teammate, Chanda!","DustinM@ruizfoods.com","Respect","Retail Sales","Approved","2023-11-20T08:00:00Z","2023-11-20T19:02:09Z","2023-11-27T19:02:09Z","Approved"
"VictorA@ruizfoods.com","JessicaG@ruizfoods.com","Victor has gone above and beyond in the past several months and become a very valuable asset to our team. He has 17 years experience with Ruiz. I cannot express the help he provides our department and the amount of knowledge he provides to those around him. I am proud that he serves this department and is apart of our crew. ","JessicaG@ruizfoods.com","Teamwork","Maintenance","Approved","2023-11-20T08:00:00Z","2023-11-20T14:26:05Z","2023-11-27T14:26:05Z","Approved"
"JacylI@ruizfoods.com","AdamN@ruizfoods.com","Jacyl has generously shared her knowledge and time during periods of heavy workload.  Her commitment to helping me learn and expand my skills is truly valued and greatly appreciated.  Thank you Jacyl!","OpalS@ruizfoods.com","Teamwork","Finance","Approved","2023-11-17T08:00:00Z","2023-11-17T20:34:56Z","2023-11-24T20:34:56Z","Approved"
"NhaH@ruizfoods.com","AdamN@ruizfoods.com","I would like to express my appreciation to Nha for being an outstanding team member.  His willingness to assist whenever possible has significantly contributed to our team’s collaborative success.  Thank you Nha! ","OpalS@ruizfoods.com","Teamwork","Finance","Approved","2023-11-17T08:00:00Z","2023-11-17T20:34:37Z","2023-11-24T20:34:37Z","Approved"
"InderP@ruizfoods.com","AdamN@ruizfoods.com","I would like to take a moment to recognize Inder for working with me on creating a pricing upload solution into our M3 system, which will ultimately save many hours of manual data entry.  And frees up much needed time for me to focus on other valuable projects for the company.  Thank you Inder!","ValerieK@ruizfoods.com","Teamwork","Information Technology","Approved","2023-11-17T08:00:00Z","2023-11-17T20:18:55Z","2023-11-24T20:18:55Z","Approved"
"ShakeemJ@ruizfoods.com","AdrianaA@ruizfoods.com","Mr. James has uplifted the performance of the team in the cold kitchens. His ability to relate and bring his team together has been great. His passion for doing things right and learn how to do them right has been a intricate part on the continued success in the kitchens in Florence. Thank you Mr. James and keep up the great work you are doing.  You make the difference. ","AdrianaA@ruizfoods.com","Teamwork","Operations","Approved","2023-11-16T08:00:00Z","2023-11-16T17:26:27Z","2023-11-23T17:26:27Z","Approved"
"FrancesPr@ruizfoods.com","AdrianaA@ruizfoods.com","Ms. Fran has been a fantastic addition to the team. She has brought passion and dedication to the Bakery Group. We are extremely excited and proud of having Ms. Fran be a part of the Ruiz Foods FLO team! Thank you for your dedication and unwavering passions. ","AdrianaA@ruizfoods.com","Teamwork","Operations","Approved","2023-11-16T08:00:00Z","2023-11-16T17:26:01Z","2023-11-23T17:26:01Z","Approved"
"GinaF@ruizfoods.com","GalenS@ruizfoods.com","Gina led a group of team members to visit a manufacturer of several of our assets in the manufacturing facilities to pioneer some work on early equipment design.  Through this effort she and the team identified several current aspects of the machine which we aim to modify prior to future purchase, and learned about some features of the equipment which will facilitate improved food safety.  ","GalenS@ruizfoods.com","Quality","Quality Assurance","Approved","2023-11-15T08:00:00Z","2023-11-15T17:02:24Z","2023-11-22T17:02:24Z","Approved"
"GabrielZ@ruizfoods.com","DavidH2@ruizfoods.com","Gabe was F23 attendance leader for R&D sensory panels. These panels are critical to formulation and reformulation of our products. Its great that we have team members we can count on to attend. Thanks Gabe!","JanieI@ruizfoods.com","Teamwork","Customer Service","Approved","2023-11-14T08:00:00Z","2023-11-14T20:48:54Z","2023-11-21T20:48:54Z","Approved"
"AhmadW@ruizfoods.com","BrianH@ruizfoods.com","Ahmad is a proactive leader. He interacts with everyone on his team to validate them. He has added additional focus to his packaging team as his presence is needed more in that area without forsaking his production area. Ahmad is dedicated to ramping up results. A true team player as well as a mentor to his leaders in the area. Ahmad like to focus on quality as well as ways to minimize impact to production. He is always searching for the next big thing. He tries very hard to bring potential breakdowns to the forefront and provides detailed information in the passdown from one shift to another. Ahmad, Thank you for being that leader that you are. Continue to drive sustainability and accountability with your team. There is light at the end of the tunnel.
 ","BrianH@ruizfoods.com","Teamwork","Operations","Approved","2023-11-14T08:00:00Z","2023-11-14T14:17:08Z","2023-11-21T14:17:08Z","Approved"
"CharlieMit@ruizfoods.com","BrianH@ruizfoods.com","Charlie! Thank you for bringing your knowledge of how to 5-S an area. Thank you for always looking for ways to assist and better the team. Your knowledge is welcoming. While there are several opportunities we have, you communicate through huddles and always try to keep your team in the know of what is happening. Charlie is full of energy and communicates well with his team. I really appreciate you Charlie and what you continue to do. Thank you!  ","BrianH@ruizfoods.com","Teamwork","Operations","Approved","2023-11-13T08:00:00Z","2023-11-14T04:24:36Z","2023-11-21T04:24:36Z","Approved"
"WindellH@ruizfoods.com","BrianH@ruizfoods.com","Windell is dedicated to the team. A true team player. He has been working diligently with his team in an effort to show sustainability within the departments. He provides detailed instruction and directives to his team in an effort to make them stronger. He is devoted to driving waste numbers down and is actively working on ways to continue to do this. Windell, thanks for your dedication to the team as well as the your continued support top our bakery operations on swing shfit.","BrianH@ruizfoods.com","Teamwork","Operations","Approved","2023-11-13T08:00:00Z","2023-11-14T04:24:16Z","2023-11-21T04:24:16Z","Approved"
"CourtneyP@ruizfoods.com","BrianH@ruizfoods.com","Courtney is dedicated to transaction excellence with the process areas. While she is devoted to the process she is working hard to make sure that tms know that she is available while still holding them accountable. I have had the pleasure of working with Courtney for the past 7+ years and have been able to see the growth. While the road sometimes is not the easiest to take, she can make a quick turnaround and show what the core values really mean to her that Ruiz Foods was founded upon. While I can only choose one core value demonstrated below, I have to honestly say that she demonstrates most if not all of them. Courtney, thank you for your contribution to the team and the dedication that you have for your areas as well as others. You are appreciated.","BrianH@ruizfoods.com","Respect","Operations","Approved","2023-11-13T08:00:00Z","2023-11-14T04:24:02Z","2023-11-21T04:24:02Z","Approved"
"KaitlynH@ruizfoods.com","DarleneT@ruizfoods.com","Thank you Kaitlyn for always taking on additional projects going above and beyond your responsibilities.  Your willingness to learn and grow with the company does not go unnoticed. ","DarleneT@ruizfoods.com","Teamwork","Marketing","Approved","2023-11-13T08:00:00Z","2023-11-13T23:36:23Z","2023-11-20T23:36:23Z","Approved"
"LoriL@ruizfoods.com","RafalW@ruizfoods.com","Lori identifies issues early and communicates them effectively to appropriate stakeholders. She is an amazing team player, always helpful and humble. I appreciate her support from the beginning of my onboarding until now.","GeoffF@ruizfoods.com","Teamwork","Warehousing","Approved","2023-11-09T08:00:00Z","2023-11-09T15:56:20Z","2023-11-16T15:56:20Z","Approved"
"MaribelO@ruizfoods.com","BekahJ1@ruizfoods.com","Maribel is always willing to lend a hand to others and make sure events run smoothly! Maribel goes out of her way to make sure that everything is covered for Ruiz 4 Kids and Pink Out. I appreciate all of the hard work she does and her attention to detail. Thank you Maribel for showing me the ropes. ","EdwardG@ruizfoods.com","Teamwork","Operations","Approved","2023-11-08T08:00:00Z","2023-11-09T05:05:52Z","2023-11-16T05:05:52Z","Approved"
"BlancaJR@ruizfoods.com","ClarkW@ruizfoods.com","Blanca,

Thanks for jumping in when things have been hectic in Frisco.  I appreciate all you do.","KimberliC@ruizfoods.com","Teamwork","Sales","Approved","2023-11-08T08:00:00Z","2023-11-08T23:06:09Z","2023-11-15T23:06:09Z","Approved"
"DavidAd@ruizfoods.com","ClarkW@ruizfoods.com","David,

Great job with training in Florence.  Also, thank you for organizing and taking the lead at the plant for the training videos.  I appreciate all you do.","JamieMo@ruizfoods.com","Teamwork","Education and Training","Approved","2023-11-08T08:00:00Z","2023-11-08T23:05:58Z","2023-11-15T23:05:58Z","Approved"
"ElizabethG@ruizfoods.com","ClarkW@ruizfoods.com","Elizabeth,

Thanks for jumping in when times are tough for the Frisco Office.  I truly appreciate all you do.","JesseS@ruizfoods.com","Teamwork","Executive Admin","Approved","2023-11-08T08:00:00Z","2023-11-08T23:05:37Z","2023-11-15T23:05:37Z","Approved"
"JamesWi@ruizfoods.com","CharlieMit@ruizfoods.com","James has proven to be an excellent lead that is dependable and very knowledgeable about Frigo 5 production. He has been a MAJOR part of Frigo 5 winning THE TOP DOG AWARD for the month of September and October of 2023.","CharlieMit@ruizfoods.com","Teamwork","Operations","Approved","2023-11-08T08:00:00Z","2023-11-08T12:00:21Z","2023-11-15T12:00:21Z","Approved"
"DonnaJ@ruizfoods.com","BrianH@ruizfoods.com","Donna I really appreciate the partnership with the team on Swing shift. It is exciting to see the camaraderie that we have on the shift. We are working together to be stronger and better while holding our teams accountable. You have been a new but welcomed addition to the team with a fresh set of eyes. You are easy to talk to and even though you push back or ask questions, we respect the reasons that you do this and that is to keep us honest. The training that you are completing with your team is also noticeable. Your presence is passdown daily and the information you are able to share with the team is refreshing as well. Donna, you are well respected by the team as a whole and especially me! I really do appreciate the hard work and dedication to the HR administration as well as to the team as a whole. Although you are fairly new to the Ruiz Family, I appreciate the fact that you are about policy and help the team look for the correct ways to go about situations that arise. Again, Thank you for all you do and continue to do with the team. Much love and respect!","JamieMo@ruizfoods.com","Respect","Human Resources","Approved","2023-11-08T08:00:00Z","2023-11-08T11:59:48Z","2023-11-15T11:59:48Z","Approved"
"EvanJ@ruizfoods.com","BrianH@ruizfoods.com","Evan! Your dedication and attention to detail has presented an opportunity for you to grow. So happy to have you as a part of the team. Your promotion to Supervisor is well deserved. What you are doing with the team on Frigo 2 Swing shift is making a difference. You are representing the core values with the team and focusing on quality coming from all lanes. I look forward to your continued growth with the business. Thank you for stepping up to the plate and accepting the challenge. With the focus that you have on making sure that the team is being held accountable while celebrating the wins is a WIN in itself. Appreciate all your efforts! :) ","BrianH@ruizfoods.com","Teamwork","Operations","Approved","2023-11-08T08:00:00Z","2023-11-08T11:58:39Z","2023-11-15T11:58:39Z","Approved"
"CharlieMit@ruizfoods.com","SharleyV@ruizfoods.com","You did prove it for us all.  “No one can whistle a symphony. It takes a whole orchestra to play it.” Top Dawg Congratulations !!!","BrianH@ruizfoods.com","Teamwork","Operations","Approved","2023-11-07T08:00:00Z","2023-11-08T04:27:55Z","2023-11-15T04:27:55Z","Approved"
"BrittneyA@ruizfoods.com","AdrianaA@ruizfoods.com","Thank you Brittney for the support and willingness to participate during the filming of the upcoming training videos. ","AdrianaA@ruizfoods.com","Teamwork",,"Approved","2023-11-06T08:00:00Z","2023-11-06T16:32:34Z","2023-11-13T16:32:34Z","Approved"
"TerryB@ruizfoods.com","AdrianaA@ruizfoods.com","Thank you Terry for participating on the filming for upcoming training videos. It was great to see you participate and being engaged! ","AdrianaA@ruizfoods.com","Teamwork","Operations","Approved","2023-11-06T08:00:00Z","2023-11-06T16:06:38Z","2023-11-13T16:06:38Z","Approved"
"RussellSw@ruizfoods.com","EdwardG@ruizfoods.com","The Dinuba team reported a lack of metal detectable corded earplugs which had the potential to impact production. Russell and the procurement team successfully resolved the issue ensuring no impact to Dinuba operations. ","DarlyneF@ruizfoods.com","Teamwork","Purchasing","Approved","2023-11-03T07:00:00Z","2023-11-03T16:14:01Z","2023-11-10T16:14:01Z","Approved"
"KimberlinaL@ruizfoods.com","MarieC@ruizfoods.com","Kimberlina guided me on how to obtain a repay from C&S Houston on overcharge of fees, which I had submitted and was denied. With Kimberlina’s assistance we recieved our first repay letter this morning!! 
Kimberlina has also contact all the other RBAs to provide information and she created a template to assist us on how to determine the correct amount we should be charged from C&S. She has also set up a meeting to provide additional information to anyone who handles a C&S account which will save Ruiz Foods a lot of money.
","KevinL@ruizfoods.com","Teamwork","Marketing","Approved","2023-11-02T07:00:00Z","2023-11-02T13:58:18Z","2023-11-09T13:58:18Z","Approved"
"RicardoC@ruizfoods.com","PauloC@ruizfoods.com","MUV tracking film variation. 
Ricardo has tracked the film variation between the amount used Vs requested. He identified we have received rolls of films with less product (-3.9% average). If all films used by Ruiz CA1 presents the same 3.9% less prints than the supplier informs, we are losing +/- US$50k/yr, just in films. This is a simple evaluation which demonstrates how we can improve the material usage, making our MUV better.","EnriqueF@ruizfoods.com","Teamwork","Operations","Approved","2023-11-01T07:00:00Z","2023-11-01T20:50:12Z","2023-11-08T20:50:12Z","Approved"
"LanceW@ruizfoods.com","DavidPe@ruizfoods.com","In F23, Lance implemented a Finished Goods hold product register and weekly meeting in Florence to start driving hold inventory down. Partnering with Operations and Warehouse, Lance has lead the ""Panned Rework"" scheduling and communication to help the plant reduce hold log inventory by about1M$. This is a huge positive impact to the business and set a standard for how we manage our hold inventory that is proving to be sustainable thanks to Lance's leadership. Appreciate you, Lance. ","AshleyRo@ruizfoods.com","Teamwork","Quality Assurance","Approved","2023-10-27T07:00:00Z","2023-10-27T17:56:16Z","2023-11-03T17:56:16Z","Approved"
"ChristinaB@ruizfoods.com","JaromW@ruizfoods.com","Christina got promoted to a bigger role and lost a team member at the same time. 
She is juggling both roles now and keeping us afloat in several key areas of the business. 
Nice work, Christina. Hang in there - we will have a new teammate soon, I'm sure!!
[....... after I wrote the first part of this, Martha told us that our prime candidate accepted, so I'd like to add Martha to this Teammate Praise!!]  ","JaromW@ruizfoods.com","Teamwork","Marketing","Approved","2023-10-26T07:00:00Z","2023-10-26T21:14:10Z","2023-11-02T21:14:10Z","Approved"
"KristiD@ruizfoods.com","MichelleLi@ruizfoods.com","Kristi developed an automated ""template"" in Circana to assist the Marketing and Retail Sales team in populating our QBR template.  This not only will be a time saver going forward, but will also help to ensure everyone is consistent in the data and insights that they are sharing.  This automation has helped all of the Everest team members to provide more time to contribute valuable insights and discussions.","JillB@ruizfoods.com","Teamwork","Retail Sales","Approved","2023-10-25T07:00:00Z","2023-10-25T16:01:25Z","2023-11-01T16:01:25Z","Approved"
"AmberE@ruizfoods.com","ChandaW@ruizfoods.com","Amber has taken on the role of planning and organizing a team meeting and she has done an outstanding job of keeping everyone informed, the details organized and easily accessible - in addition to being a complete pleasure to work with in any capacity. Thanks for being here, Amber. I'm always grateful you are and am especially grateful for the opportunity to be in the same room for a couple days. ","KevinMu@ruizfoods.com","Respect","Retail Sales","Approved","2023-10-24T07:00:00Z","2023-10-24T13:29:23Z","2023-10-31T13:29:23Z","Approved"
"BrianH@ruizfoods.com","SharleyV@ruizfoods.com","He is always willing to help, takes out time from his busy schedule to hear me out and provide me guidance, when-ever I have approached him.","JohnS@ruizfoods.com","Respect","Operations","Approved","2023-10-24T07:00:00Z","2023-10-24T12:59:22Z","2023-10-31T12:59:22Z","Approved"
"ChandaW@ruizfoods.com","ChristinaJ@ruizfoods.com","Chanda is a team player. She accepted an opportunity to work together on this project to establish this ""Praise"" section of the La Cocina homepage. Her ideas and feedback throughout the process was appreciated and she demonstrated her creativity. In addition to participating in the development of the Praise section she offers her time to review and approves the praises. Thank you Chanda for extending your skillsets beyond your role in Sales. It's always a pleasure to work with you.","DustinM@ruizfoods.com","Teamwork","Retail Sales","Approved","2023-10-23T07:00:00Z","2023-10-23T18:27:42Z","2023-10-30T18:27:42Z","Approved"
"BlancaJR@ruizfoods.com","DanielleY@ruizfoods.com","I want to thank Blanca for being so Kind and Patient with me.  This is my 4th week with Ruiz Foods and she has been training me.  She has a very large team and is extremely busy, but was able to thoroughly explain the processes to me.  I am very grateful that Ruiz Foods assigned her to me.  I feel like I am gonna be very well-equipped to succeed in my career at Ruiz Foods.","DavidS@ruizfoods.com","Teamwork","Sales","Approved","2023-10-19T07:00:00Z","2023-10-19T19:31:38Z","2023-10-26T19:31:38Z","Approved"
"JustineM@ruizfoods.com","BrianH@ruizfoods.com","Reached out to Justine about approving some goals for my supervisors. She responded quickly and advised of the next steps as well as offered to help if I got stuck. Justine displays a high level of professionalism and is very easy to work with. She represents many of the core values and i really appreciate the help. Thanks so much!","TonyC@ruizfoods.com","Teamwork","Human Resources","Approved","2023-10-12T07:00:00Z","2023-10-13T06:11:08Z","2023-10-20T06:11:08Z","Approved"
"JenniferW@ruizfoods.com","CamelaD@ruizfoods.com","Jennifer goes above and beyond, not just for immediate Team Members, but for the majority of her co-workers. If a question is raised, she will research until an adequate solution is found. I know for a fact she is bombarded with questions every day coming from all of us, but she has true team spirit. She is human, so she does get overwhelmed sometimes, but she is a valuable asset to MRO, Maintenance and the Ruiz Family Team. I beleive in giving people their flower while they are able to enjoy them. I appreciate Ruiz for developing this Praise Board. Jenn just wanted to let you know: You are a Great TM/co-worker and keep up the awesome work!!!!","RoderickD@ruizfoods.com","Teamwork","Maintenance","Approved","2023-10-12T07:00:00Z","2023-10-13T06:10:22Z","2023-10-20T06:10:22Z","Approved"
"ReneF@ruizfoods.com","EdwardG@ruizfoods.com","Maintenance Team: Set up classroom style 150 chairs by tomorrow afternoon in the large room. Also, set up tables and chairs on the Birthday Club side for the lunch on Thursday. This will help cost by not using a third party rental company. Requestor: Maribel Ortega; Maintenance executed the request modeling one of our core value. ""Teamwork"" ","JoeK@ruizfoods.com","Teamwork","Maintenance","Approved","2023-10-11T07:00:00Z","2023-10-11T15:47:53Z","2023-10-18T15:47:53Z","Approved"
"RubiS@ruizfoods.com","MarisolOe@ruizfoods.com","Ruby's commitment to the QA team is commendable. Among many qualities, she is integral, reliable, good communicator, and is a problem solver. She has willingly accepted to be cross-trained in all Red Zone QA areas within Vernon's QA department. I know I can always count on her to cover any QA areas during any shift. Her positive attitude and team work has truly strengthen my team. If you ask any QA auditor what other QA auditor they like to work with, Ruby will be one of their top choices. It's a pleasure having her in my team. Last but not least, she cooks the best Columbian food I ever had :)","MarisolOe@ruizfoods.com","Quality","Quality Assurance","Approved","2023-10-08T07:00:00Z","2023-10-09T01:21:37Z","2023-10-16T01:21:37Z","Approved"
"JulianV@ruizfoods.com","ChandaW@ruizfoods.com","I needed help adding my husband to my medical coverage outside of open enrollment and within about two hours Julian had all my questions answered, guided me to all the right documentation I needed, and had it submitted to the carrier. With so many things changing at once, I didn't anticipate that this would be one of the easiest most pain free parts of it but Julian made it exactly that. He was kind, helpful, and very, very fast. Thank you, Julian! You made a task that I was dreading an absolute joy!","TonyC@ruizfoods.com","Integrity","Human Resources","Approved","2023-10-06T07:00:00Z","2023-10-06T16:27:13Z","2023-10-13T16:27:13Z","Approved"
"DarleneT@ruizfoods.com","JesseS@ruizfoods.com","Darlene worked with Trade Finance to resolve a large number of major and longstanding issues with Blacksmith Forge, our new trade promotion management tool, before the end of the fiscal year, giving us a clean start to trade funds management in 2024. Several of these issues required new ways of thinking and innovative approaches to old problems.","DavidS@ruizfoods.com","Innovation","Sales","Approved","2023-10-02T07:00:00Z","2023-10-02T13:19:10Z","2023-10-09T13:19:10Z","Approved"
"VangieE@ruizfoods.com","JesseS@ruizfoods.com","Vangie worked with the Food Service trade team and with Blacksmith, our vendor for trade funds management, to resolve a large number of longstanding and significant problems with the Forge program, which allowed us to get a clean start to the 2024 fiscal year. Vangie demonstrated innovation by helping to come up with new approaches to old problems.","LisaP@ruizfoods.com","Innovation","Finance","Approved","2023-10-02T07:00:00Z","2023-10-02T13:18:37Z","2023-10-09T13:18:37Z","Approved"
"ChristinaJ@ruizfoods.com","HaaronGCONSULT@ruizfoods.com","Christina Johnson, as the Organizational Development and Training Manager at Ruiz Foods, deserves immense praise. Her innovative spirit has reshaped our workplace, introducing efficiencies that have nurtured a thriving Digital Workplace. Christina's forward-thinking strategies and technological acumen have streamlined operations, enhancing productivity and adaptability. Her dedication to employee growth through cutting-edge training programs has cultivated a culture of continuous improvement. Christina's leadership, marked by inclusivity and mentorship, inspires our team to excel. Her contributions are invaluable, positioning Ruiz Foods as a leader in the industry. We are truly fortunate to have Christina Johnson driving our organizational development.","TonyC@ruizfoods.com","Innovation","Human Resources","Approved","2023-09-28T07:00:00Z","2023-09-28T18:16:03Z","2023-10-05T18:16:03Z","Approved"
